$ID,$ID_NAME,Bonus,Description,Icon,Link_Collections,Link_Cubes,Link_Items,Link_MonsterDrops,Link_RecipeMaterial,Link_RecipeTarget,Name,Price,TimeCoolDown,TimeLifeTime,Tradability,Type,Weight
642001,COLLECT_101,"[[""STR"", 1], [""INT"", 1]]",An old relic found in a well. {nl}Right-click to use.,icon_item_box,,,"[645461, 645228, 645229, 645151, 645451, 645403]",,,,Monster Specimen Set,1,0.0,0.0,FFTF,4,0.0
642002,COLLECT_102,"[[""STR"", 5]]",A collection where you can register your items.{nl}You can register an item by right-clicking it.,icon_item_box,,,"[649001, 649002, 649003, 649006, 645268]",,,,Ore Collection,1,0.0,0.0,FFTF,4,0.0
642003,COLLECT_103,"[[""CON"", 5]]",A collection where you can register your items.{nl}You can register an item by right-clicking it.,icon_item_box,,,"[645024, 645461, 645379]",,,,Flower Collection,1,0.0,0.0,FFTF,4,0.0
642004,COLLECT_104,"[[""INT"", 5]]",A collection where you can register your items.{nl}You can register an item by right-clicking it.,icon_item_box,,,"[645267, 645333, 645435, 645364]","[{""Map"": null, ""Chance"": 0.1, ""Monster"": 57258}]",,,Bone Collection,1,0.0,0.0,FFTF,4,0.0
642005,COLLECT_105,"[[""SPR"", 5]]",A collection where you can register your items.{nl}You can register an item by right-clicking it.,icon_item_box,,,"[645439, 645292, 645162]",,,,Crystal Collection,1,0.0,0.0,FFTF,4,0.0
642006,COLLECT_106,"[[""DEX"", 5]]",A collection where you can register your items.{nl}You can register an item by right-clicking it.,icon_item_box,,,"[645410, 645450, 645428, 645411, 645401]",,,,Royal Mausoleum Collection,1,0.0,0.0,FFTF,4,0.0
642007,COLLECT_107,"[[""Critical Attack"", 10]]",A collection where you can register your items.{nl}You can register an item by right-clicking it.,icon_item_box,,,"[645455, 645454, 645419, 645194]",,,,Cockatrice Collection,1,0.0,0.0,FFTF,4,0.0
642008,COLLECT_108,"[[""Magic Defense"", 10]]",A collection where you can register your items.{nl}You can register an item by right-clicking it.,icon_item_box,,,"[645130, 645142, 645221, 645192, 645197, 645421]",,,,Devil Collection,1,0.0,0.0,FFTF,4,0.0
642009,COLLECT_109,"[[""STR"", 1], [""INT"", 1]]",A collection where you can register your items.{nl}You can register an item by right-clicking it.,icon_item_box,,,"[645453, 645334, 645320, 645430, 645142]",,,,Tenet Church Collection,1,0.0,0.0,FFTF,4,0.0
642010,COLLECT_110,"[[""Defense"", 4]]",A collection where you can register your items.{nl}You can register an item by right-clicking it.,icon_item_box,,,"[645348, 645193, 645400]",,,,Spirit Collection,1,0.0,0.0,FFTF,4,0.0
642011,COLLECT_111,"[[""Dark Property Resistance"", 8]]",A collection where you can register your items.{nl}You can register an item by right-clicking it.,icon_item_box,,,"[644042, 644043, 644009, 644067]",,,,Lv1 Card Collection,1,0.0,0.0,FFTF,4,0.0
642012,COLLECT_112,"[[""Defense"", 3]]",A collection where you can register your items.{nl}You can register an item by right-clicking it.,icon_item_box,,,"[644031, 644032, 644029, 644068, 644033]",,,,Lv2 Card Collection,1,0.0,0.0,FFTF,4,0.0
642013,COLLECT_113,"[[""Magic Defense"", 3]]",A collection where you can register your items.{nl}You can register an item by right-clicking it.,icon_item_box,,,"[644007, 644063, 644048, 644015, 644053, 644093]",,,,Lv3 Card Collection,1,0.0,0.0,FFTF,4,0.0
642014,COLLECT_114,"[[""CON"", 3]]",A collection where you can register your items.{nl}You can register an item by right-clicking it.,icon_item_box,,,"[644024, 644045, 644059, 644022]",,,,Lv4 Card Collection,1,0.0,0.0,FFTF,4,0.0
642015,COLLECT_115,"[[""INT"", 1]]","A collection of five necklaces. Each necklace is inscribed with one of the five topics of a pilgrim's path. Made by Maven, the founder of the Great Cathedral. You can add it through the Magic Association NPC's Collection window with right-click.",icon_item_jewelrybox,,,"[581132, 581133, 581134, 581135, 581136]",,,,Necklace of the Five Sins Collection,1,0.0,0.0,FFFF,4,0.0
642016,COLLECT_116,"[[""Maximum HP"", 125]]",A collection of the conflict between the demons and the goddesses in Goddess Laima's revelation.{nl}Right-click to add it to the Collection window through the Magic Association NPC.,icon_item_holyark,,,"[650710, 650742, 650830]",,,,Revelation: Opposing Piece Collection,1,0.0,0.0,FFFF,4,0.0
642017,COLLECT_117,"[[""Weight Limit"", 100]]",A collection of one of the world's hidden secret in Goddess Laima's revelation.{nl}Right-click to add it to the Collection window through the Magic Association NPC.,icon_item_holyark,,,"[650824, 653041, 650856]",,,,Revelation: Inside Piece Collection,1,0.0,0.0,FFFF,4,0.0
642018,COLLECT_118,"[[""Physical Attack"", 2]]",A collection where you can register your items.{nl}You can register an item by right-clicking it.,icon_item_box,,,"[645117, 628054, 645118, 645024, 645120, 645121, 645267]",,,,Collection: West Siauliai Woods,1,0.0,0.0,FFFF,4,0.0
642019,COLLECT_119,"[[""Magic Attack"", 2]]",A collection where you can register your items.{nl}You can register an item by right-clicking it.,icon_item_box,,,"[645122, 645269, 640072, 645124, 645125]",,,,Collection: East Siauliai Woods,1,0.0,0.0,FFFF,4,0.0
642020,COLLECT_120,"[[""Defense"", 1]]",A collection where you can register your items.{nl}You can register an item by right-clicking it.,icon_item_box,,,"[645117, 645126, 645129, 601123]",,,,Collection: Miners' Village,1,0.0,0.0,FFFF,4,0.0
642021,COLLECT_121,"[[""Magic Defense"", 1]]",A collection where you can register your items.{nl}You can register an item by right-clicking it.,icon_item_box,,,"[640025, 645129, 581123, 645235, 645286, 645130]",,,,Collection: Crystal Mine 1F,1,0.0,0.0,FFFF,4,0.0
642022,COLLECT_122,"[[""Maximum HP"", 45]]",A collection where you can register your items.{nl}You can register an item by right-clicking it.,icon_item_box,,,"[645287, 645288, 645132, 645129, 645222]",,,,Collection: Crystal Mine 2F,1,0.0,0.0,FFFF,4,0.0
642023,COLLECT_123,"[[""Maximum SP"", 18]]",A collection where you can register your items.{nl}You can register an item by right-clicking it.,icon_item_box,,,"[645131, 645292, 645129, 645293]",,,,Collection: Crystal Mine 3F,1,0.0,0.0,FFFF,4,0.0
642024,COLLECT_124,"[[""HP Recovery"", 5]]",A collection where you can register your items.{nl}You can register an item by right-clicking it.,icon_item_box,,,"[645135, 645134, 645352, 502123, 512123, 522123, 532123]",,,,Collection: Srautas Gorge,1,0.0,0.0,FFFF,4,0.0
642025,COLLECT_125,"[[""SP Recovery"", 3]]",A collection where you can register your items.{nl}You can register an item by right-clicking it.,icon_item_box,,,"[645300, 645134, 142101, 645307]",,,,Collection: Gele Plateau,1,0.0,0.0,FFFF,4,0.0
642026,COLLECT_126,"[[""Magic Amplification"", 2]]",A collection where you can register your items.{nl}You can register an item by right-clicking it.,icon_item_box,,,"[645347, 645138, 645306, 645348, 645412, 645346, 645297, 628018]",,,,Collection: Nefritas Cliff,1,0.0,0.0,FFFF,4,0.0
642027,COLLECT_127,"[[""Physical Attack"", 2]]",A collection where you can register your items.{nl}You can register an item by right-clicking it.,icon_item_box,,,"[645303, 645134, 645310, 645231]",,,,Collection: Tenet Garden,1,0.0,0.0,FFFF,4,0.0
642028,COLLECT_128,"[[""Magic Attack"", 2]]",A collection where you can register your items.{nl}You can register an item by right-clicking it.,icon_item_box,,,"[645461, 645228, 645229, 645380, 645151]",,,,Collection: Veja Ravine,1,0.0,0.0,FFFF,4,0.0
642029,COLLECT_129,"[[""Defense"", 1]]",A collection where you can register your items.{nl}You can register an item by right-clicking it.,icon_item_box,,,"[645341, 645153, 645435, 645357, 645394, 645393]",,,,Collection: Vieta Gorge,1,0.0,0.0,FFFF,4,0.0
642030,COLLECT_130,"[[""Magic Defense"", 1]]",A collection where you can register your items.{nl}You can register an item by right-clicking it.,icon_item_box,,,"[645156, 649201, 645451]",,,,Collection: Cobalt Forest,1,0.0,0.0,FFFF,4,0.0
642031,COLLECT_131,"[[""Maximum HP"", 45]]",A collection where you can register your items.{nl}You can register an item by right-clicking it.,icon_item_box,,,"[640044, 645403, 601127, 511107]",,,,Collection: Septyni Glen,1,0.0,0.0,FFFF,4,0.0
642032,COLLECT_132,"[[""Maximum SP"", 18]]",A collection where you can register your items.{nl}You can register an item by right-clicking it.,icon_item_box,,,"[645142, 582103, 645333, 645334]",,,,Collection: Tenet Church B1,1,0.0,0.0,FFFF,4,0.0
642033,COLLECT_133,"[[""HP Recovery"", 5]]",A collection where you can register your items.{nl}You can register an item by right-clicking it.,icon_item_box,,,"[645453, 649007, 645330, 645618, 628051]",,,,Collection: Tenet Church 1F,1,0.0,0.0,FFFF,4,0.0
642034,COLLECT_134,"[[""SP Recovery"", 3]]",A collection where you can register your items.{nl}You can register an item by right-clicking it.,icon_item_box,,,"[645141, 645320, 645430, 649204]",,,,Collection: Tenet Church 2F,1,0.0,0.0,FFFF,4,0.0
642035,COLLECT_135,"[[""Accuracy"", 1]]",A collection where you can register your items.{nl}You can register an item by right-clicking it.,icon_item_box,,,"[645159, 645246, 645413, 645162, 640042, 645160]",,,,Collection: Gate Route,1,0.0,0.0,FFFF,4,0.0
642036,COLLECT_136,"[[""Evasion"", 1]]",A collection where you can register your items.{nl}You can register an item by right-clicking it.,icon_item_box,,,"[645161, 645218, 645369, 645219, 645164, 645234]",,,,Collection: Sirdgela Forest,1,0.0,0.0,FFFF,4,0.0
642037,COLLECT_137,"[[""Critical Rate"", 1]]",A collection where you can register your items.{nl}You can register an item by right-clicking it.,icon_item_box,,,"[645165, 645163, 645432]",,,,Collection: Kvailas Forest,1,0.0,0.0,FFFF,4,0.0
642038,COLLECT_138,"[[""Critical Attack"", 1]]",A collection where you can register your items.{nl}You can register an item by right-clicking it.,icon_item_box,,,"[645187, 645547, 202119, 242111, 121106, 201108]",,,,Collection: Guards Graveyard,1,0.0,0.0,FFFF,4,0.0
642039,COLLECT_139,"[[""Critical Defense"", 1]]",A collection where you can register your items.{nl}You can register an item by right-clicking it.,icon_item_box,,,"[645225, 645476, 645171, 645445]",,,,Collection: Gateway of the Great King,1,0.0,0.0,FFFF,4,0.0
642040,COLLECT_140,"[[""Magic Amplification"", 2]]",A collection where you can register your items.{nl}You can register an item by right-clicking it.,icon_item_box,,,"[645172, 645173, 645420, 628061]",,,,Collection: Ramstis Ridge,1,0.0,0.0,FFFF,4,0.0
642041,COLLECT_141,"[[""Physical Attack"", 2]]",A collection where you can register your items.{nl}You can register an item by right-clicking it.,icon_item_box,,,"[645174, 645256, 645446, 601129, 531107, 521111, 531111]",,,,Collection: Overlong Bridge Valley,1,0.0,0.0,FFFF,4,0.0
642042,COLLECT_142,"[[""Magic Attack"", 2]]",A collection where you can register your items.{nl}You can register an item by right-clicking it.,icon_item_box,,,"[645175, 645421, 645465, 645464, 649208]",,,,Collection: Akmens Ridge,1,0.0,0.0,FFFF,4,0.0
642043,COLLECT_143,"[[""Defense"", 1]]",A collection where you can register your items.{nl}You can register an item by right-clicking it.,icon_item_box,,,"[645176, 645177, 241104, 161109, 141109]",,,,Collection: Tiltas Valley,1,0.0,0.0,FFFF,4,0.0
642044,COLLECT_144,"[[""Magic Defense"", 1]]",A collection where you can register your items.{nl}You can register an item by right-clicking it.,icon_item_box,,,"[645565, 645423, 645540, 645392]",,,,Collection: Gytis Settlement Area,1,0.0,0.0,FFFF,4,0.0
642045,COLLECT_145,"[[""Maximum HP"", 45]]",A collection where you can register your items.{nl}You can register an item by right-clicking it.,icon_item_box,,,"[644130, 680114, 685114, 680115, 685115, 680116, 685116, 680117, 685117]",,,,Collection: Royal Mausoleum Workers Lodge,1,0.0,0.0,FFFF,4,0.0
642046,COLLECT_146,"[[""Maximum SP"", 18]]",A collection where you can register your items.{nl}You can register an item by right-clicking it.,icon_item_box,,,"[644126, 680118, 685118, 680119, 685119, 680120, 685120, 680121, 685121]",,,,Collection: Royal Mausoleum Constructors' Chapel,1,0.0,0.0,FFFF,4,0.0
642047,COLLECT_147,"[[""HP Recovery"", 5]]",A collection where you can register your items.{nl}You can register an item by right-clicking it.,icon_item_box,,,"[644053, 649216, 182106, 680122, 685122, 680123, 685123, 680124, 685124]",,,,Collection: Royal Mausoleum Storage,1,0.0,0.0,FFFF,4,0.0
642048,COLLECT_148,"[[""SP Recovery"", 3]]",A collection where you can register your items.{nl}You can register an item by right-clicking it.,icon_item_box,,,"[645177, 645364, 645238, 602105]",,,,Collection: Rukas Plateau,1,0.0,0.0,FFFF,4,0.0
642049,COLLECT_149,"[[""Accuracy"", 1]]",A collection where you can register your items.{nl}You can register an item by right-clicking it.,icon_item_box,,,"[645177, 628040, 501114, 501113, 182114]",,,,Collection: King's Plateau,1,0.0,0.0,FFFF,4,0.0
642050,COLLECT_150,"[[""Evasion"", 1]]",A collection where you can register your items.{nl}You can register an item by right-clicking it.,icon_item_box,,,"[645463, 645392, 251101, 601128, 202116]",,,,Collection: Zachariel Crossroads,1,0.0,0.0,FFFF,4,0.0
642051,COLLECT_151,"[[""Critical Rate"", 1]]",A collection where you can register your items.{nl}You can register an item by right-clicking it.,icon_item_box,,,"[645178, 645410, 645221, 645179, 645450]",,,,Collection: Royal Mausoleum 1F,1,0.0,0.0,FFFF,4,0.0
642052,COLLECT_152,"[[""Critical Attack"", 1]]",A collection where you can register your items.{nl}You can register an item by right-clicking it.,icon_item_box,,,"[645180, 645220, 645181, 581129, 201110, 241105]",,,,Collection: Royal Mausoleum 2F,1,0.0,0.0,FFFF,4,0.0
642053,COLLECT_153,"[[""Critical Defense"", 1]]",A collection where you can register your items.{nl}You can register an item by right-clicking it.,icon_item_box,,,"[645428, 645210, 645181, 531114, 521153, 161110]",,,,Collection: Royal Mausoleum 3F,1,0.0,0.0,FFFF,4,0.0
642054,COLLECT_154,"[[""Stamina"", 1]]",A collection where you can register your items.{nl}You can register an item by right-clicking it.,icon_item_box,,,"[645411, 645209, 121108, 531153, 251101]",,,,Collection: Royal Mausoleum 4F,1,0.0,0.0,FFFF,4,0.0
642055,COLLECT_155,"[[""Magic Amplification"", 2]]",A collection where you can register your items.{nl}You can register an item by right-clicking it.,icon_item_box,,,"[645402, 645401, 640040, 649205, 645186]",,,,Collection: Royal Mausoleum 5F,1,0.0,0.0,FFFF,4,0.0
642056,COLLECT_156,"[[""Physical Attack"", 2]]",A collection where you can register your items.{nl}You can register an item by right-clicking it.,icon_item_box,,,"[645477, 640072, 162106, 101110, 511113, 582106]",,,,Collection: Baron Allerno,1,0.0,0.0,FFFF,4,0.0
642057,COLLECT_157,"[[""Magic Attack"", 2]]",A collection where you can register your items.{nl}You can register an item by right-clicking it.,icon_item_box,,,"[645438, 645552, 645160, 645547, 521113, 602106]",,,,Collection: Myrkiti Farm,1,0.0,0.0,FFFF,4,0.0
642058,COLLECT_158,"[[""Defense"", 1]]",A collection where you can register your items.{nl}You can register an item by right-clicking it.,icon_item_box,,,"[645547, 645573, 645225, 645551, 501115]",,,,Collection: Aqueduct Bridge Area,1,0.0,0.0,FFFF,4,0.0
642059,COLLECT_159,"[[""Magic Defense"", 1]]",A collection where you can register your items.{nl}You can register an item by right-clicking it.,icon_item_box,,,"[645445, 645476, 643740, 643677]",,,,Collection: Tenants' Farm,1,0.0,0.0,FFFF,4,0.0
642060,COLLECT_160,"[[""Maximum HP"", 45]]",A collection where you can register your items.{nl}You can register an item by right-clicking it.,icon_item_box,,,"[645240, 645187, 645462, 645239, 640029]",,,,Collection: Stele Road,1,0.0,0.0,FFFF,4,0.0
642061,COLLECT_161,"[[""Maximum SP"", 18]]",A collection where you can register your items.{nl}You can register an item by right-clicking it.,icon_item_box,,,"[645427, 649200, 640028, 645397, 645396, 649209, 645190]",,,,Collection: Goddess' Ancient Garden,1,0.0,0.0,FFFF,4,0.0
642062,COLLECT_162,"[[""HP Recovery"", 5]]",A collection where you can register your items.{nl}You can register an item by right-clicking it.,icon_item_box,,,"[645191, 645213, 645192, 221113]",,,,Collection: Escanciu Village,1,0.0,0.0,FFFF,4,0.0
642063,COLLECT_163,"[[""SP Recovery"", 3]]",A collection where you can register your items.{nl}You can register an item by right-clicking it.,icon_item_box,,,"[645481, 645193, 649203, 645455, 645419, 645194, 628015]",,,,Collection: Fedimian Suburbs,1,0.0,0.0,FFFF,4,0.0
642064,COLLECT_164,"[[""Accuracy"", 1]]",A collection where you can register your items.{nl}You can register an item by right-clicking it.,icon_item_box,,,"[521122, 645614, 521122, 202104, 161130]",,,,Collection: Crystal Mine Lot 2 - 1F,1,0.0,0.0,FFFF,4,0.0
642065,COLLECT_165,"[[""Evasion"", 1]]",A collection where you can register your items.{nl}You can register an item by right-clicking it.,icon_item_box,,,"[531122, 645429, 645615, 645235, 271122, 142104]",,,,Collection: Crystal Mine Lot 2 - 2F,1,0.0,0.0,FFFF,4,0.0
642066,COLLECT_166,"[[""Critical Rate"", 1]]",A collection where you can register your items.{nl}You can register an item by right-clicking it.,icon_item_box,,,"[645438, 645539, 645363, 645344, 141130]",,,,Collection: Entrance of Kateen Forest,1,0.0,0.0,FFFF,4,0.0
642067,COLLECT_167,"[[""Critical Attack"", 1]]",A collection where you can register your items.{nl}You can register an item by right-clicking it.,icon_item_box,,,"[645437, 645540, 645541, 17033, 30278, 582109]",,,,Collection: Owl Burial Ground,1,0.0,0.0,FFFF,4,0.0
642068,COLLECT_168,"[[""Critical Defense"", 1]]",A collection where you can register your items.{nl}You can register an item by right-clicking it.,icon_item_box,,,"[645479, 601132, 645469, 601132]",,,,Collection: Poslinkis Forest,1,0.0,0.0,FFFF,4,0.0
642069,COLLECT_169,"[[""Stamina"", 1]]",A collection where you can register your items.{nl}You can register an item by right-clicking it.,icon_item_box,,,"[111001, 645344, 643535, 582108, 18008]",,,,Collection: Saknis Plains,1,0.0,0.0,FFFF,4,0.0
642070,COLLECT_170,"[[""Magic Amplification"", 2]]",A collection where you can register your items.{nl}You can register an item by right-clicking it.,icon_item_box,,,"[645216, 645381, 645195, 645233, 645388, 645389, 645196, 645431]",,,,Collection: Mage Tower 1F,1,0.0,0.0,FFFF,4,0.0
642071,COLLECT_171,"[[""Physical Attack"", 2]]",A collection where you can register your items.{nl}You can register an item by right-clicking it.,icon_item_box,,,"[645197, 645447, 649208, 649210, 645460, 628036]",,,,Collection: Mage Tower 2F,1,0.0,0.0,FFFF,4,0.0
642072,COLLECT_172,"[[""Magic Attack"", 2]]",A collection where you can register your items.{nl}You can register an item by right-clicking it.,icon_item_box,,,"[645199, 645200, 581137, 645443]",,,,Collection: Mage Tower 3F,1,0.0,0.0,FFFF,4,0.0
642073,COLLECT_173,"[[""Defense"", 1]]",A collection where you can register your items.{nl}You can register an item by right-clicking it.,icon_item_box,,,"[645237, 645234, 628058, 645202, 645407, 640054]",,,,Collection: Mage Tower 4F,1,0.0,0.0,FFFF,4,0.0
642074,COLLECT_174,"[[""Magic Defense"", 1]]",A collection where you can register your items.{nl}You can register an item by right-clicking it.,icon_item_box,,,"[645204, 645205, 645216, 645381]",,,,Collection: Mage Tower 5F,1,0.0,0.0,FFFF,4,0.0
642075,COLLECT_175,"[[""Maximum HP"", 45]]",A collection where you can register your items.{nl}You can register an item by right-clicking it.,icon_item_box,,,"[645544, 645545, 645546, 122117, 11103, 14054]",,,,Collection: Dvasia Peak,1,0.0,0.0,FFFF,4,0.0
642076,COLLECT_176,"[[""Maximum SP"", 18]]",A collection where you can register your items.{nl}You can register an item by right-clicking it.,icon_item_box,,,"[645547, 645548, 645549, 645550, 645442]",,,,Collection: Sunset Flag Forest,1,0.0,0.0,FFFF,4,0.0
642077,COLLECT_177,"[[""HP Recovery"", 5]]",A collection where you can register your items.{nl}You can register an item by right-clicking it.,icon_item_box,,,"[645551, 645551, 645552, 181124, 241113, 30285]",,,,Collection: Starving Demon's Way,1,0.0,0.0,FFFF,4,0.0
642078,COLLECT_178,"[[""SP Recovery"", 3]]",A collection where you can register your items.{nl}You can register an item by right-clicking it.,icon_item_box,,,"[645553, 645395, 645602, 511140, 18010]",,,,Collection: Pilgrim Path,1,0.0,0.0,FFFF,4,0.0
642079,COLLECT_179,"[[""Accuracy"", 1]]",A collection where you can register your items.{nl}You can register an item by right-clicking it.,icon_item_box,,,"[645555, 645556, 640131, 252110, 122110]",,,,Collection: Altar Way,1,0.0,0.0,FFFF,4,0.0
642080,COLLECT_180,"[[""Evasion"", 1]]",A collection where you can register your items.{nl}You can register an item by right-clicking it.,icon_item_box,,,"[643546, 645373, 645429, 645615]",,,,Collection: Forest of Prayer,1,0.0,0.0,FFFF,4,0.0
642081,COLLECT_181,"[[""Critical Rate"", 1]]",A collection where you can register your items.{nl}You can register an item by right-clicking it.,icon_item_box,,,"[645213, 645187, 181125, 34045, 271124]",,,,Collection: Apsimesti Crossroads,1,0.0,0.0,FFFF,4,0.0
642082,COLLECT_182,"[[""Critical Attack"", 1]]",A collection where you can register your items.{nl}You can register an item by right-clicking it.,icon_item_box,,,"[645443, 643569, 645443, 141132, 201131, 17012, 14055]",,,,Collection: Residence of the Fallen Legwyn Family,1,0.0,0.0,FFFF,4,0.0
642083,COLLECT_183,"[[""Critical Defense"", 1]]",A collection where you can register your items.{nl}You can register an item by right-clicking it.,icon_item_box,,,"[645560, 645561, 111002, 101132, 251105]",,,,Collection: Main Building,1,0.0,0.0,FFFF,4,0.0
642084,COLLECT_184,"[[""Stamina"", 1]]",A collection where you can register your items.{nl}You can register an item by right-clicking it.,icon_item_box,,,"[645429, 645615, 521144, 511144, 121124]",,,,Collection: Grand Corridor,1,0.0,0.0,FFFF,4,0.0
642085,COLLECT_185,"[[""Weight Limit"", 50]]",A collection where you can register your items.{nl}You can register an item by right-clicking it.,icon_item_box,,,"[645548, 645564, 645548, 645564, 645548, 645564, 645548, 645564, 645548]",,,,Collection: Penitence Route of Great Cathedral,1,0.0,0.0,FFFF,4,0.0
642086,COLLECT_186,"[[""Magic Amplification"", 2]]",A collection where you can register your items.{nl}You can register an item by right-clicking it.,icon_item_box,,,"[645618, 221116, 142108, 643504]",,,,Collection: Grand Corridor,1,0.0,0.0,FFFF,4,0.0
642087,COLLECT_187,"[[""Physical Attack"", 2]]",A collection where you can register your items.{nl}You can register an item by right-clicking it.,icon_item_box,,,"[645583, 649209, 645584, 601134, 511146]",,,,Collection: Greene Manor,1,0.0,0.0,FFFF,4,0.0
642088,COLLECT_188,"[[""Magic Attack"", 2]]",A collection where you can register your items.{nl}You can register an item by right-clicking it.,icon_item_box,,,"[645585, 645586, 521146, 640038]",,,,Collection: Shaton Farm,1,0.0,0.0,FFFF,4,0.0
642089,COLLECT_189,"[[""Defense"", 1]]",A collection where you can register your items.{nl}You can register an item by right-clicking it.,icon_item_box,,,"[645617, 645588, 581139, 531146]",,,,Collection: Shaton Reservoir,1,0.0,0.0,FFFF,4,0.0
642090,COLLECT_190,"[[""Magic Defense"", 1]]",A collection where you can register your items.{nl}You can register an item by right-clicking it.,icon_item_box,,,"[645574, 645575, 645320, 645576, 645559, 18011]",,,,Collection: Demon Prison District 1,1,0.0,0.0,FFFF,4,0.0
642091,COLLECT_191,"[[""Maximum HP"", 45]]",A collection where you can register your items.{nl}You can register an item by right-clicking it.,icon_item_box,,,"[645579, 645601, 531145, 521145, 111003]",,,,Collection: Demon Prison District 2,1,0.0,0.0,FFFF,4,0.0
642092,COLLECT_192,"[[""Maximum SP"", 18]]",A collection where you can register your items.{nl}You can register an item by right-clicking it.,icon_item_box,,,"[645580, 645543, 645581, 645551, 141133]",,,,Collection: Demon Prison District 3,1,0.0,0.0,FFFF,4,0.0
642093,COLLECT_193,"[[""HP Recovery"", 5]]",A collection where you can register your items.{nl}You can register an item by right-clicking it.,icon_item_box,,,"[643501, 643502, 643501, 643502, 643501, 643502, 643501, 643502, 643501]",,,,Collection: Demon Prison District 4,1,0.0,0.0,FFFF,4,0.0
642094,COLLECT_194,"[[""SP Recovery"", 3]]",A collection where you can register your items.{nl}You can register an item by right-clicking it.,icon_item_box,,,"[645582, 645370, 101133, 680297, 685297]",,,,Collection: Demon Prison District 5,1,0.0,0.0,FFFF,4,0.0
642095,COLLECT_195,"[[""Accuracy"", 1]]",A collection where you can register your items.{nl}You can register an item by right-clicking it.,icon_item_box,,,"[645589, 645590, 645591, 645592, 645593, 645591]",,,,Collection: Dina Bee Farm,1,0.0,0.0,FFFF,4,0.0
642096,COLLECT_196,"[[""Evasion"", 1]]",A collection where you can register your items.{nl}You can register an item by right-clicking it.,icon_item_box,,,"[645594, 645565, 645595, 645596]",,,,Collection: Vilna Forest,1,0.0,0.0,FFFF,4,0.0
642097,COLLECT_197,"[[""Critical Rate"", 1]]",A collection where you can register your items.{nl}You can register an item by right-clicking it.,icon_item_box,,,"[645346, 645418, 645597, 645596, 242107]",,,,Collection: Uskis Arable Land,1,0.0,0.0,FFFF,4,0.0
642098,COLLECT_198,"[[""Critical Attack"", 1]]",A collection where you can register your items.{nl}You can register an item by right-clicking it.,icon_item_box,,,"[645599, 645596, 602109, 111004, 33055]",,,,Collection: Spring Light Woods,1,0.0,0.0,FFFF,4,0.0
642099,COLLECT_199,"[[""Critical Defense"", 1]]",A collection where you can register your items.{nl}You can register an item by right-clicking it.,icon_item_box,,,"[645174, 33023, 201132, 161133]",,,,Collection: 2nd Demon Prison,1,0.0,0.0,FFFF,4,0.0
642100,COLLECT_200,"[[""Stamina"", 1]]",A collection where you can register your items.{nl}You can register an item by right-clicking it.,icon_item_box,,,"[649209, 645614, 501148, 121126, 221117]",,,,Collection: Nuoridin Falls,1,0.0,0.0,FFFF,4,0.0
642101,COLLECT_201,"[[""Weight Limit"", 50]]",A collection where you can register your items.{nl}You can register an item by right-clicking it.,icon_item_box,,,"[649209, 645614, 141134, 241116, 161134]",,,,Collection: Namu Temple Ruins,1,0.0,0.0,FFFF,4,0.0
642102,COLLECT_202,"[[""Magic Amplification"", 2]]",A collection where you can register your items.{nl}You can register an item by right-clicking it.,icon_item_box,,,"[645481, 645193, 181127, 531148, 521148]",,,,Collection: Istora Ruins,1,0.0,0.0,FFFF,4,0.0
642103,COLLECT_203,"[[""Physical Attack"", 2]]",A collection where you can register your items.{nl}You can register an item by right-clicking it.,icon_item_box,,,"[645208, 645413, 201133, 501149, 101134, 301101]",,,,Collection: Glade Hillroad,1,0.0,0.0,FFFF,4,0.0
642104,COLLECT_204,"[[""Magic Attack"", 2]]",A collection where you can register your items.{nl}You can register an item by right-clicking it.,icon_item_box,,,"[511149, 34021, 271126, 511147]",,,,Collection: Viltis Forest,1,0.0,0.0,FFFF,4,0.0
642105,COLLECT_205,"[[""Defense"", 1]]",A collection where you can register your items.{nl}You can register an item by right-clicking it.,icon_item_box,,,"[645561, 521147, 521149, 252107]",,,,Collection: Laukyme Swamp,1,0.0,0.0,FFFF,4,0.0
642106,COLLECT_206,"[[""Magic Defense"", 1]]",A collection where you can register your items.{nl}You can register an item by right-clicking it.,icon_item_box,,,"[645373, 645373, 645373, 645373, 645373, 645373, 645373, 645373, 645373]",,,,Collection: Tyla Monastery,1,0.0,0.0,FFFF,4,0.0
642107,COLLECT_207,"[[""Maximum HP"", 45]]",A collection where you can register your items.{nl}You can register an item by right-clicking it.,icon_item_box,,,"[645550, 645611, 30372, 30371, 111005]",,,,Collection: Roxona Reconstruction Agency West Building,1,0.0,0.0,FFFF,4,0.0
642108,COLLECT_208,"[[""Maximum SP"", 18]]",A collection where you can register your items.{nl}You can register an item by right-clicking it.,icon_item_box,,,"[645612, 645613, 645560, 30376, 30375, 19006]",,,,Collection: Roxona Reconstruction Agency East Building,1,0.0,0.0,FFFF,4,0.0
642109,COLLECT_209,"[[""HP Recovery"", 5]]",A collection where you can register your items.{nl}You can register an item by right-clicking it.,icon_item_box,,,"[645126, 645386, 645616, 251109, 161135, 581141]",,,,Collection: Verkti Square,1,0.0,0.0,FFFF,4,0.0
642110,COLLECT_210,"[[""SP Recovery"", 3]]",A collection where you can register your items.{nl}You can register an item by right-clicking it.,icon_item_box,,,"[645409, 645559, 121127, 311102, 271127]",,,,Collection: Roxona Market,1,0.0,0.0,FFFF,4,0.0
642111,COLLECT_211,"[[""Accuracy"", 1]]",A collection where you can register your items.{nl}You can register an item by right-clicking it.,icon_item_box,,,"[645379, 645379, 645379, 645379, 645379, 645379, 645379, 645379, 645379]",,,,Collection: Ruklys Street,1,0.0,0.0,FFFF,4,0.0
642112,COLLECT_212,"[[""Evasion"", 1]]",A collection where you can register your items.{nl}You can register an item by right-clicking it.,icon_item_box,,,"[645390, 645616, 602111, 241117]",,,,Collection: Downtown,1,0.0,0.0,FFFF,4,0.0
642113,COLLECT_213,"[[""Critical Rate"", 1]]",A collection where you can register your items.{nl}You can register an item by right-clicking it.,icon_item_box,,,"[645395, 645392, 645391, 645578, 312102]",,,,Collection: Inner Enceinte District,1,0.0,0.0,FFFF,4,0.0
642114,COLLECT_214,"[[""Critical Attack"", 1]]",A collection where you can register your items.{nl}You can register an item by right-clicking it.,icon_item_box,,,"[645465, 645386, 181128, 141135, 302103]",,,,Collection: Mokusul Chamber,1,0.0,0.0,FFFF,4,0.0
642115,COLLECT_215,"[[""Critical Defense"", 1]]",A collection where you can register your items.{nl}You can register an item by right-clicking it.,icon_item_box,,,"[645187, 645465, 19007, 201134]",,,,Collection: Underground Grave of Ritinis,1,0.0,0.0,FFFF,4,0.0
642116,COLLECT_216,"[[""Stamina"", 1]]",A collection where you can register your items.{nl}You can register an item by right-clicking it.,icon_item_box,,,"[645580, 14019, 645612, 645612, 645612, 645612, 645612]",,,,Collection: Videntis Shrine,1,0.0,0.0,FFFF,4,0.0
642117,COLLECT_217,"[[""Weight Limit"", 50]]",A collection where you can register your items.{nl}You can register an item by right-clicking it.,icon_item_box,,,"[643503, 643503, 643503, 643503, 643503, 643503, 643503, 643503, 643503]",,,,Collection: Valius' Eternal Resting Place,1,0.0,0.0,FFFF,4,0.0
642118,COLLECT_218,"[[""Maximum HP"", 45]]",A collection where you can register your items.{nl}You can register an item by right-clicking it.,icon_item_box,,,"[628054, 645118, 645120, 645122, 645269, 645124, 645565]",,,,Collection: Lemprasa Pond,1,0.0,0.0,FFFF,4,0.0
642119,COLLECT_219,"[[""Magic Attack"", 2]]",A collection where you can register your items.{nl}You can register an item by right-clicking it.,icon_item_box,,,"[645126, 581122, 645117, 645125, 271110]",,,,Collection: Woods of the Linked Bridges,1,0.0,0.0,FFFF,4,0.0
642120,COLLECT_220,"[[""Defense"", 1]]",A collection where you can register your items.{nl}You can register an item by right-clicking it.,icon_item_box,,,"[640072, 645024, 531103, 161118, 645117]",,,,Collection: Paupys Crossing,1,0.0,0.0,FFFF,4,0.0
642121,COLLECT_221,"[[""Stamina"", 1]]",A collection where you can register your items.{nl}You can register an item by right-clicking it.,icon_item_box,,,"[645708, 645132, 221102, 501104, 181114]",,,,Collection: Ashaq Underground Prison 1F,1,0.0,0.0,FFFF,4,0.0
642122,COLLECT_222,"[[""Physical Attack"", 2]]",A collection where you can register your items.{nl}You can register an item by right-clicking it.,icon_item_box,,,"[645235, 645286, 161120, 101120, 601124]",,,,Collection: Ashaq Underground Prison 2F,1,0.0,0.0,FFFF,4,0.0
642123,COLLECT_223,"[[""Maximum SP"", 18]]",A collection where you can register your items.{nl}You can register an item by right-clicking it.,icon_item_box,,,"[645178, 645410, 141120, 581124, 645473]",,,,Collection: Ashaq Underground Prison 3F,1,0.0,0.0,FFFF,4,0.0
642124,COLLECT_224,"[[""Maximum SP"", 18]]",A collection where you can register your items.{nl}You can register an item by right-clicking it.,icon_item_box,,,"[645736, 645737, 645129, 645738, 511105, 501105]",,,,Collection: Koru Jungle,1,0.0,0.0,FFFF,4,0.0
642125,COLLECT_225,"[[""SP Recovery"", 3]]",A collection where you can register your items.{nl}You can register an item by right-clicking it.,icon_item_box,,,"[645739, 645740, 640131, 581125]",,,,Collection: Knidos Jungle,1,0.0,0.0,FFFF,4,0.0
642126,COLLECT_226,"[[""Magic Attack"", 2]]",A collection where you can register your items.{nl}You can register an item by right-clicking it.,icon_item_box,,,"[645352, 501106, 645741, 645742, 501127]",,,,Collection: Dadan Jungle,1,0.0,0.0,FFFF,4,0.0
642127,COLLECT_227,"[[""Physical Attack"", 2]]",A collection where you can register your items.{nl}You can register an item by right-clicking it.,icon_item_box,,,"[201106, 141106, 645142, 645453, 101106, 649007, 645618, 628051]",,,,Collection: Nevellet Quarry 1F,1,0.0,0.0,FFFF,4,0.0
642128,COLLECT_228,"[[""HP Recovery"", 5]]",A collection where you can register your items.{nl}You can register an item by right-clicking it.,icon_item_box,,,"[645333, 645334, 601126, 161106, 511106, 271104, 531127, 645743, 645618]",,,,Collection: Nevellet Quarry 2F,1,0.0,0.0,FFFF,4,0.0
642129,COLLECT_229,"[[""Defense"", 1]]",A collection where you can register your items.{nl}You can register an item by right-clicking it.,icon_item_box,,,"[221104, 645413, 645430, 640040, 645428, 581126]",,,,Collection: Novaha Assembly Hall,1,0.0,0.0,FFFF,4,0.0
642130,COLLECT_230,"[[""Magic Defense"", 1]]",A collection where you can register your items.{nl}You can register an item by right-clicking it.,icon_item_box,,,"[101107, 161107, 121105, 645614, 640025]",,,,Collection: Novaha Annex,1,0.0,0.0,FFFF,4,0.0
642131,COLLECT_231,"[[""Maximum HP"", 45]]",A collection where you can register your items.{nl}You can register an item by right-clicking it.,icon_item_box,,,"[601127, 521111, 531111, 521112, 645297, 531112]",,,,Collection: Novaha Institute,1,0.0,0.0,FFFF,4,0.0
642132,COLLECT_232,"[[""HP Recovery"", 5]]",A collection where you can register your items.{nl}You can register an item by right-clicking it.,icon_item_box,,,"[501107, 511107, 581127, 201108, 521107, 531107, 181106]",,,,Collection: Karolis Springs,1,0.0,0.0,FFFF,4,0.0
642133,COLLECT_233,"[[""HP Recovery"", 5]]",A collection where you can register your items.{nl}You can register an item by right-clicking it.,icon_item_box,,,"[645346, 141108, 645347, 121106, 161108, 601129]",,,,Collection: Letas Stream,1,0.0,0.0,FFFF,4,0.0
642134,COLLECT_234,"[[""Magic Attack"", 2]]",A collection where you can register your items.{nl}You can register an item by right-clicking it.,icon_item_box,,,"[645164, 31006, 271106, 30031]",,,,Collection: Pelke Shrine Ruins,1,0.0,0.0,FFFF,4,0.0
642135,COLLECT_235,"[[""Accuracy"", 1]]",A collection where you can register your items.{nl}You can register an item by right-clicking it.,icon_item_box,,,"[15008, 30032, 16006, 17004]",,,,Collection: Absenta Reservoir,1,0.0,0.0,FFFF,4,0.0
642136,COLLECT_236,"[[""Evasion"", 1]]",A collection where you can register your items.{nl}You can register an item by right-clicking it.,icon_item_box,,,"[643501, 643501, 643501, 643501, 643501, 643501, 643501, 643501, 643501]",,,,Collection: Sienakal Graveyard,1,0.0,0.0,FFFF,4,0.0
642137,COLLECT_237,"[[""Critical Rate"", 1]]",A collection where you can register your items.{nl}You can register an item by right-clicking it.,icon_item_box,,,"[14006, 12007, 30040, 501113, 643502]",,,,Collection: Carlyle's Mausoleum,1,0.0,0.0,FFFF,4,0.0
642138,COLLECT_238,"[[""Critical Attack"", 1]]",A collection where you can register your items.{nl}You can register an item by right-clicking it.,icon_item_box,,,"[645744, 581128, 501114, 241105, 221107]",,,,Collection: Delmore Hamlet,1,0.0,0.0,FFFF,4,0.0
642139,COLLECT_239,"[[""Critical Defense"", 1]]",A collection where you can register your items.{nl}You can register an item by right-clicking it.,icon_item_box,,,"[645744, 645744, 581129, 161110, 521113, 521114]",,,,Collection: Delmore Manor,1,0.0,0.0,FFFF,4,0.0
642140,COLLECT_240,"[[""Magic Amplification"", 2]]",A collection where you can register your items.{nl}You can register an item by right-clicking it.,icon_item_box,,,"[645744, 645744, 645744, 251101, 531114, 531113, 645341]",,,,Collection: Delmore Outskirts,1,0.0,0.0,FFFF,4,0.0
642141,COLLECT_241,"[[""Critical Rate"", 1]]",A collection where you can register your items.{nl}You can register an item by right-clicking it.,icon_item_box,,,"[645481, 645193, 121108, 645213, 201110]",,,,Collection: Feretory Hills,1,0.0,0.0,FFFF,4,0.0
642142,COLLECT_242,"[[""Magic Amplification"", 2]]",A collection where you can register your items.{nl}You can register an item by right-clicking it.,icon_item_box,,,"[181108, 33017, 162106, 271108]",,,,Collection: Mochia Forest,1,0.0,0.0,FFFF,4,0.0
642143,COLLECT_243,"[[""Defense"", 1]]",A collection where you can register your items.{nl}You can register an item by right-clicking it.,icon_item_box,,,"[645287, 645288, 645462, 17006]",,,,Collection: Sutatis Trade Route,1,0.0,0.0,FFFF,4,0.0
642144,COLLECT_244,"[[""SP Recovery"", 3]]",A collection where you can register your items.{nl}You can register an item by right-clicking it.,icon_item_box,,,"[501115, 643501, 16008, 601130]",,,,Collection: Topes Fortress 1F,1,0.0,0.0,FFFF,4,0.0
642145,COLLECT_245,"[[""Evasion"", 1]]",A collection where you can register your items.{nl}You can register an item by right-clicking it.,icon_item_box,,,"[13009, 18002, 511115, 581130, 643503, 643504]",,,,Collection: Topes Fortress 2F,1,0.0,0.0,FFFF,4,0.0
642146,COLLECT_246,"[[""Maximum SP"", 18]]",A collection where you can register your items.{nl}You can register an item by right-clicking it.,icon_item_box,,,"[645746, 645746, 645746, 645746, 645746, 645746, 645746, 645746, 645746]",,,,Collection: Bellai Rainforest,1,0.0,0.0,FFFF,4,0.0
642147,COLLECT_247,"[[""SP Recovery"", 3]]",A collection where you can register your items.{nl}You can register an item by right-clicking it.,icon_item_box,,,"[34043, 645746, 34043]",,,,Collection: Zeraha,1,0.0,0.0,FFFF,4,0.0
642148,COLLECT_248,"[[""Maximum HP"", 45]]",A collection where you can register your items.{nl}You can register an item by right-clicking it.,icon_item_box,,,"[645181, 645746, 521121, 531121]",,,,Collection: Seir Rainforest,1,0.0,0.0,FFFF,4,0.0
642149,COLLECT_249,"[[""Accuracy"", 1]]",A collection where you can register your items.{nl}You can register an item by right-clicking it.,icon_item_box,,,"[645173, 645420, 15046, 628061, 645745, 645175, 645421]",,,,Collection: Galeed Plateau,1,0.0,0.0,FFFF,4,0.0
642150,COLLECT_250,"[[""Magic Defense"", 1]]",A collection where you can register your items.{nl}You can register an item by right-clicking it.,icon_item_box,,,"[645192, 11046, 501122, 645465, 645464]",,,,Collection: Fasika Plateau,1,0.0,0.0,FFFF,4,0.0
642151,COLLECT_251,"[[""Physical Attack"", 2]]",A collection where you can register your items.{nl}You can register an item by right-clicking it.,icon_item_box,,,"[649209, 645583, 16052, 645190, 645160, 17033]",,,,Collection: Manahas,1,0.0,0.0,FFFF,4,0.0
642152,COLLECT_252,"[[""Critical Attack"", 1]]",A collection where you can register your items.{nl}You can register an item by right-clicking it.,icon_item_box,,,"[645220, 33050, 640038, 645225]",,,,Collection: Genar Field,1,0.0,0.0,FFFF,4,0.0
642153,COLLECT_253,"[[""Critical Defense"", 1]]",A collection where you can register your items.{nl}You can register an item by right-clicking it.,icon_item_box,,,"[521122, 643503, 645216, 645381, 645233, 645447]",,,,Collection: Sicarius 1F,1,0.0,0.0,FFFF,4,0.0
642154,COLLECT_254,"[[""Magic Defense"", 1]]",A collection where you can register your items.{nl}You can register an item by right-clicking it.,icon_item_box,,,"[645204, 645460, 628036, 645216, 645381]",,,,Collection: Sicarius 2F,1,0.0,0.0,FFFF,4,0.0
642155,COLLECT_255,"[[""Team Storage Slots"", 2]]",A collection where you can register your items.{nl}You can register an item by right-clicking it.,icon_item_box,,,"[10012, 10013, 10029]",,,,Collection: What Is Falchion,1,0.0,0.0,FFFF,4,0.0
642156,COLLECT_256,"[[""Team Storage Slots"", 2]]",A collection where you can register your items.{nl}You can register an item by right-clicking it.,icon_item_box,,,"[30033, 30034, 30035, 30036]",,,,Collection: Bug Hater,1,0.0,0.0,FFFF,4,0.0
642157,COLLECT_257,"[[""Team Storage Slots"", 2]]",A collection where you can register your items.{nl}You can register an item by right-clicking it.,icon_item_box,,,"[30029, 30030, 30031, 30032]",,,,Collection: Love For Foreign Land,1,0.0,0.0,FFFF,4,0.0
642158,COLLECT_258,"[[""Team Storage Slots"", 3]]",A collection where you can register your items.{nl}You can register an item by right-clicking it.,icon_item_box,,,"[10006, 11006, 12007, 13007, 14006, 15008, 16006, 17004, 18002]",,,,Collection: Beginner Weapon,1,0.0,0.0,FFFF,4,0.0
642159,COLLECT_259,"[[""Team Storage Slots"", 2]]",A collection where you can register your items.{nl}You can register an item by right-clicking it.,icon_item_box,,,"[30062, 30063, 30064]",,,,Collection: Beginner Armor,1,0.0,0.0,FFFF,4,0.0
642161,COLLECT_261,"[[""Physical Attack"", 2]]",A collection where you can register your items.{nl}You can register an item by right-clicking it.,icon_item_box,,,"[201135, 181129, 581142, 645442, 645614]",,,,Collection: Coastal Fortress,1,0.0,0.0,FFFF,4,0.0
642162,COLLECT_262,"[[""Magic Attack"", 2]]",A collection where you can register your items.{nl}You can register an item by right-clicking it.,icon_item_box,,,"[521152, 311104, 121128, 645442, 645642]",,,,Collection: Dingofasil,1,0.0,0.0,FFFF,4,0.0
642163,COLLECT_263,"[[""Defense"", 1]]",A collection where you can register your items.{nl}You can register an item by right-clicking it.,icon_item_box,,,"[645649, 30336, 12057, 645392, 17039, 645218]",,,,Collection: Vedas Plateau,1,0.0,0.0,FFFF,4,0.0
642164,COLLECT_264,"[[""Maximum HP"", 45]]",A collection where you can register your items.{nl}You can register an item by right-clicking it.,icon_item_box,,,"[30493, 645392, 645649, 680408, 680407, 680406]",,,,Collection: Mesafasla,1,0.0,0.0,FFFF,4,0.0
642165,COLLECT_265,"[[""Magic Defense"", 1]]",A collection where you can register your items.{nl}You can register an item by right-clicking it.,icon_item_box,,,"[142133, 272133, 645650, 321001, 511155]",,,,Collection: Stogas Plateau,1,0.0,0.0,FFFF,4,0.0
642166,COLLECT_266,"[[""Magic Attack"", 2]]",A collection where you can register your items.{nl}You can register an item by right-clicking it.,icon_item_box,,,"[645654, 301105, 645654, 521155, 645654, 141138]",,,,Collection: Nahash Forest,1,0.0,0.0,FFFF,4,0.0
642167,COLLECT_267,"[[""HP Recovery"", 5]]",A collection where you can register your items.{nl}You can register an item by right-clicking it.,icon_item_box,,,"[645656, 161138, 531155, 645656, 311105, 645721, 645722, 201137]",,,,Collection: Vera Coast,1,0.0,0.0,FFFF,4,0.0
642168,COLLECT_268,"[[""SP Recovery"", 3]]",A collection where you can register your items.{nl}You can register an item by right-clicking it.,icon_item_box,,,"[645659, 271130, 645657, 645658, 15082, 101138]",,,,Collection: Elgos Monastery Annex,1,0.0,0.0,FFFF,4,0.0
642169,COLLECT_269,"[[""Magic Amplification"", 2]]",A collection where you can register your items.{nl}You can register an item by right-clicking it.,icon_item_box,,,"[645579, 645601, 321008, 645657, 645658, 645661, 581143, 645660, 251112]",,,,Collection: Elgos Abbey Main Building,1,0.0,0.0,FFFF,4,0.0
642170,COLLECT_270,"[[""Physical Attack"", 2]]",A collection where you can register your items.{nl}You can register an item by right-clicking it.,icon_item_box,,,"[111008, 645651, 521154, 645652, 221120, 645653]",,,,Collection: Alemeth Forest,1,0.0,0.0,FFFF,4,0.0
642171,COLLECT_271,"[[""Maximum SP"", 18]]",A collection where you can register your items.{nl}You can register an item by right-clicking it.,icon_item_box,,,"[645715, 645720, 645716, 645717]",,,,Collection: Barha Forest,1,0.0,0.0,FFFF,4,0.0
642172,COLLECT_272,"[[""Maximum HP"", 45]]",A collection where you can register your items.{nl}You can register an item by right-clicking it.,icon_item_box,,,"[241120, 645730, 121130, 332001, 645670]",,,,Collection: Cranto Coast,1,0.0,0.0,FFFF,4,0.0
642173,COLLECT_273,"[[""Magic Defense"", 1]]",A collection where you can register your items.{nl}You can register an item by right-clicking it.,icon_item_box,,,"[645671, 252125, 645672, 321009]",,,,Collection: Igti Coast,1,0.0,0.0,FFFF,4,0.0
642174,COLLECT_274,"[[""Maximum SP"", 18]]",A collection where you can register your items.{nl}You can register an item by right-clicking it.,icon_item_box,,,"[640131, 645670, 645673, 111009, 645723, 501157, 511157, 321007, 645723]",,,,Collection: Ibre Plateau,1,0.0,0.0,FFFF,4,0.0
642175,COLLECT_275,"[[""Defense"", 1]]",A collection where you can register your items.{nl}You can register an item by right-clicking it.,icon_item_box,,,"[645723, 645673, 645674, 301106, 531157, 321005, 645675, 645676]",,,,Collection: Grand Yard Mesa,1,0.0,0.0,FFFF,4,0.0
642176,COLLECT_276,"[[""HP Recovery"", 5]]",A collection where you can register your items.{nl}You can register an item by right-clicking it.,icon_item_box,,,"[645679, 645678, 645673, 601139, 645677]",,,,Collection: Sventimas Exile,1,0.0,0.0,FFFF,4,0.0
642177,COLLECT_277,"[[""SP Recovery"", 3]]",A collection where you can register your items.{nl}You can register an item by right-clicking it.,icon_item_box,,,"[645723, 645681, 645676, 161139, 645680, 331002]",,,,Collection: Kadumel Cliff,1,0.0,0.0,FFFF,4,0.0
642178,COLLECT_278,"[[""Accuracy"", 1]]",A collection where you can register your items.{nl}You can register an item by right-clicking it.,icon_item_box,,,"[645647, 645682, 645683, 645684, 645685, 645686, 645677]",,,,Collection: Steel Heights,1,0.0,0.0,FFFF,4,0.0
642179,COLLECT_279,"[[""Evasion"", 1]]",A collection where you can register your items.{nl}You can register an item by right-clicking it.,icon_item_box,,,"[645580, 645687, 645688, 645655, 645580, 645642]",,,,Collection: Grynas Trails,1,0.0,0.0,FFFF,4,0.0
642180,COLLECT_280,"[[""Critical Rate"", 1]]",A collection where you can register your items.{nl}You can register an item by right-clicking it.,icon_item_box,,,"[645691, 645690, 521158, 645689, 511158]",,,,Collection: Grynas Training Camp,1,0.0,0.0,FFFF,4,0.0
642181,COLLECT_281,"[[""Critical Attack"", 1]]",A collection where you can register your items.{nl}You can register an item by right-clicking it.,icon_item_box,,,"[645344, 645710, 645693, 645423, 645692, 181132, 271131, 241121, 201138]",,,,Collection: Grynas Hills,1,0.0,0.0,FFFF,4,0.0
642182,COLLECT_282,"[[""Physical Attack"", 2]]",A collection where you can register your items.{nl}You can register an item by right-clicking it.,icon_item_box,,,"[645928, 645929, 645930, 645931]",,,,Collection: Nheto Forest,1,0.0,0.0,FFFF,4,0.0
642183,COLLECT_283,"[[""Magic Attack"", 2]]",A collection where you can register your items.{nl}You can register an item by right-clicking it.,icon_item_box,,,"[645932, 645933, 645934, 645935, 645936]",,,,Collection: Svalphinghas Forest,1,0.0,0.0,FFFF,4,0.0
642184,COLLECT_284,"[[""Defense"", 1]]",A collection where you can register your items.{nl}You can register an item by right-clicking it.,icon_item_box,,,"[645937, 645938, 645939, 645857]",,,,Collection: Lhadar Forest,1,0.0,0.0,FFFF,4,0.0
642185,COLLECT_285,"[[""Maximum HP"", 45]]",A collection where you can register your items.{nl}You can register an item by right-clicking it.,icon_item_box,,,"[645940, 645941, 645942, 645943, 645863, 645864, 645865, 645866]",,,,Collection: Timerys Temple,1,0.0,0.0,FFFF,4,0.0
642186,COLLECT_286,"[[""Magic Defense"", 1]]",A collection where you can register your items.{nl}You can register an item by right-clicking it.,icon_item_box,,,"[645944, 645945, 645845, 645846]",,,,Collection: Tevhrin Stalactite Cave Section 1,1,0.0,0.0,FFFF,4,0.0
642187,COLLECT_287,"[[""Magic Attack"", 2]]",A collection where you can register your items.{nl}You can register an item by right-clicking it.,icon_item_box,,,"[645946, 645947, 645948, 645869, 645872]",,,,Collection: Tevhrin Stalactite Cave Section 2,1,0.0,0.0,FFFF,4,0.0
642188,COLLECT_288,"[[""HP Recovery"", 5]]",A collection where you can register your items.{nl}You can register an item by right-clicking it.,icon_item_box,,,"[645848, 645870, 645837, 645847]",,,,Collection: Tevhrin Stalactite Cave Section 3,1,0.0,0.0,FFFF,4,0.0
642189,COLLECT_289,"[[""SP Recovery"", 3]]",A collection where you can register your items.{nl}You can register an item by right-clicking it.,icon_item_box,,,"[645871, 645957, 645854, 645955, 645956, 645915, 645953, 645954]",,,,Collection: Tevhrin Stalactite Cave Section 4,1,0.0,0.0,FFFF,4,0.0
642190,COLLECT_290,"[[""Magic Amplification"", 2]]",A collection where you can register your items.{nl}You can register an item by right-clicking it.,icon_item_box,,,"[645879, 645960, 645827, 645961, 645962, 645846, 645959, 645855, 645958]",,,,Collection: Tevhrin Stalactite Cave Section 5,1,0.0,0.0,FFFF,4,0.0
642191,COLLECT_291,"[[""Physical Attack"", 2]]",A collection where you can register your items.{nl}You can register an item by right-clicking it.,icon_item_box,,,"[645966, 645965, 645831, 645963, 645964, 645981, 645982]",,,,Collection: City Wall District  8,1,0.0,0.0,FFFF,4,0.0
642192,COLLECT_292,"[[""Maximum SP"", 18]]",A collection where you can register your items.{nl}You can register an item by right-clicking it.,icon_item_box,,,"[645884, 645967, 645885, 645968, 645969]",,,,Collection: Jeromel Park,1,0.0,0.0,FFFF,4,0.0
642193,COLLECT_293,"[[""Maximum HP"", 45]]",A collection where you can register your items.{nl}You can register an item by right-clicking it.,icon_item_box,,,"[645892, 645974, 645886, 645973, 645828, 645972, 645832, 645970, 645971]",,,,Collection: Jonael Memorial,1,0.0,0.0,FFFF,4,0.0
642194,COLLECT_294,"[[""Magic Defense"", 1]]",A collection where you can register your items.{nl}You can register an item by right-clicking it.,icon_item_box,,,"[645862, 645977, 645978, 645975, 645976]",,,,Collection: Taniel I Memorial,1,0.0,0.0,FFFF,4,0.0
642195,COLLECT_295,"[[""Maximum SP"", 18]]",A collection where you can register your items.{nl}You can register an item by right-clicking it.,icon_item_box,,,"[645980, 645838, 645979, 645990, 645991]",,,,Collection: Kule Peak,1,0.0,0.0,FFFF,4,0.0
642196,COLLECT_296,"[[""Defense"", 1]]",A collection where you can register your items.{nl}You can register an item by right-clicking it.,icon_item_box,,,"[645839, 645983, 645840, 645984, 645985, 645856, 645986]",,,,Collection: Arcus Forest,1,0.0,0.0,FFFF,4,0.0
642197,COLLECT_297,"[[""HP Recovery"", 5]]",A collection where you can register your items.{nl}You can register an item by right-clicking it.,icon_item_box,,,"[645860, 645987, 645851, 645861, 645988, 645989]",,,,Collection: Phamer Forest,1,0.0,0.0,FFFF,4,0.0
642198,COLLECT_298,"[[""SP Recovery"", 3]]",A collection where you can register your items.{nl}You can register an item by right-clicking it.,icon_item_box,,,"[645906, 645992, 645873, 645994, 645993, 645905, 645995, 645996]",,,,Collection: Ziburynas Forest,1,0.0,0.0,FFFF,4,0.0
642199,COLLECT_299,"[[""Accuracy"", 1]]",A collection where you can register your items.{nl}You can register an item by right-clicking it.,icon_item_box,,,"[645908, 645997, 645998, 645909, 645999, 645911, 646000, 646001]",,,,Collection: Mollogheo Forest,1,0.0,0.0,FFFF,4,0.0
642200,COLLECT_300,"[[""Evasion"", 1]]",A collection where you can register your items.{nl}You can register an item by right-clicking it.,icon_item_box,,,"[645843, 646002, 646003, 645850, 646005, 646004, 645835, 646006]",,,,Collection: Zima Suecourt,1,0.0,0.0,FFFF,4,0.0
642201,COLLECT_301,"[[""Critical Rate"", 1]]",A collection where you can register your items.{nl}You can register an item by right-clicking it.,icon_item_box,,,"[645858, 646011, 646012, 646008, 646009, 646010]",,,,Collection: Emmet Forest,1,0.0,0.0,FFFF,4,0.0
642202,COLLECT_302,"[[""Critical Attack"", 4]]",A collection where you can register your items.{nl}You can register an item by right-clicking it.,icon_item_box,,,"[645902, 646018, 646017, 645834, 646015, 646016, 645833, 646013, 646014]",,,,Collection: Pystis Forest,1,0.0,0.0,FFFF,4,0.0
642203,COLLECT_303,"[[""Critical Attack"", 4]]",A collection where you can register your items.{nl}You can register an item by right-clicking it.,icon_item_box,,,"[645858, 646019, 646020, 646023, 646021, 646022]",,,,Collection: Syla Forest,1,0.0,0.0,FFFF,4,0.0
642204,COLLECT_304,"[[""Critical Defense"", 1]]",A collection where you can register your items.{nl}You can register an item by right-clicking it.,icon_item_box,,,"[646029, 645849, 646027, 646028, 646026, 645917, 646024, 646025]",,,,Collection: Alembique Cave,1,0.0,0.0,FFFF,4,0.0
642205,COLLECT_305,"[[""Stamina"", 1]]",A collection where you can register your items.{nl}You can register an item by right-clicking it.,icon_item_box,,,"[645867, 646034, 646032, 646030, 646031, 646033]",,,,Collection: Nobreer Forest,1,0.0,0.0,FFFF,4,0.0
642206,COLLECT_306,"[[""HP Recovery"", 5]]",A collection where you can register your items.{nl}You can register an item by right-clicking it.,icon_item_box,,,"[645842, 646038, 646039, 645852, 646037, 645841, 646035, 646036]",,,,Collection: Yudejan Forest,1,0.0,0.0,FFFF,4,0.0
642207,COLLECT_307,"[[""Dark Property Resistance"", 6], [""Holy Property Resistance"", 6], [""INT"", 2]]",A collection where you can register your items.{nl}You can register an item by right-clicking it.,icon_item_box,,,"[661200, 661201, 661202]",,,,Collection: Token of the Demon Treaty,1,0.0,0.0,FFFF,4,0.0
642208,COLLECT_308,"[[""Earth Property Resistance"", 5], [""STR"", 5]]",A collection where you can register your items.{nl}You can register an item by right-clicking it.,icon_item_box,,,"[661203, 661205, 661204]",,,,Collection: Pasleptas,1,0.0,0.0,FFFF,4,0.0
642209,COLLECT_309,"[[""STR"", 2], [""CON"", 2], [""Maximum HP"", 80]]",A collection where you can register your items.{nl}You can register an item by right-clicking it.,icon_item_box,,,"[646053, 646054, 646055, 646057, 646058, 646059]",,,,Collection: Coasts,1,0.0,0.0,FFFF,4,0.0
642210,COLLECT_310,"[[""INT"", 2], [""SPR"", 2], [""Maximum SP"", 8]]",A collection where you can register your items.{nl}You can register an item by right-clicking it.,icon_item_box,,,"[350000, 646056, 350001, 350002, 350003, 646063]",,,,Collection: Fantasy Library,1,0.0,0.0,FFFF,4,0.0
642211,COLLECT_311,"[[""Physical Attack"", 6], [""Defense"", 9], [""HP Recovery"", 6]]",A collection where you can register your items.{nl}You can register an item by right-clicking it.,icon_item_box,,,"[646060, 646061, 646062]",,,,Collection: Narvas Temple,1,0.0,0.0,FFFF,4,0.0
642212,COLLECT_312,"[[""Magic Attack"", 6], [""Magic Defense"", 9], [""SP Recovery"", 1]]",A collection where you can register your items.{nl}You can register an item by right-clicking it.,icon_item_box,,,"[350004, 350005, 350006, 350007, 350008, 350009]",,,,Collection: Lanko Waters,1,0.0,0.0,FFFF,4,0.0
642213,COLLECT_313,,A collection where you can register your items.{nl}You can register an item by right-clicking it.,icon_item_box,,,"[300000, 300001, 300002, 300003, 300004, 300005, 300006]",,,,Collection: Sage Master's Bookmark,1,0.0,0.0,FFFF,4,0.0
642214,COLLECT_314,,A collection where you can register your items.{nl}You can register an item by right-clicking it.,icon_item_box,,,"[300007, 300008, 300009, 300010, 300011, 300012, 300013, 300014]",,,,Collection: Explorer Finds,1,0.0,0.0,FFFF,4,0.0
642215,COLLECT_315,,A collection where you can register your items.{nl}You can register an item by right-clicking it.,icon_item_box,,,"[300015, 300016, 300017, 300018, 300019, 300020, 300021]",,,,Collection: Little Dexter's Gift,1,0.0,0.0,FFFF,4,0.0
