$ID,$ID_NAME,CircleMax,Description,Icon,IsHidden,IsSecret,JobDifficulty,JobTree,JobType,Link_Attributes,Link_Skills,Name,Rank,Stat_CON,Stat_DEX,Stat_INT,Stat_SPR,Stat_STR
1001,Char1_1,1,"천년이 넘는 세월 동안 소드맨은 왕국군의 기본 병과이자 모험가들의 첫 선택이었습니다. 많은 전사가 소드맨으로 시작하여 단계를 밟아 왕국의 역사에 영웅적인 업적을 새긴 일은 매우 많기에 나열하기 어려울 정도입니다. 그 세월 동안 이루어진 무기와 전술 및 마법의 발전 앞에서도 소드맨의 견실함은 퇴색하지 않습니다.{nl}소드맨 계열은 모든 계열 중 가장 높은 HP와 방어력을 보유하고 있으며, 이를 바탕으로 적진 한 가운데서도 안정적인 전투를 펼칠 수 있습니다.",c_warrior_swordsman,False,False,0,3,[0],"[101020, 10028, 101004, 101001, 101015, 101007, 101022]","[10001, 10002, 10003, 10009, 10005]",소드맨,1,75,50,0,0,75
1002,Char1_2,1,자카리엘 대왕의 개국전쟁에서 활약한 이래 하이랜더는 왕궁과 대도시 등 주요 시설과 지역을 지키는 귀족적 정규군의 역할을 주로 담당했습니다. 현재도 이들은 왕국군의 특수 병과의 하나입니다. 따라서 신수의 날에 폐도에서 가장 많은 피해를 입은 병과이기도 합니다.{nl}하이랜더는 양손검을 사용하는 강인한 전사입니다. 적을 다른 적이나 지형에 충돌시킬 수 있어 다수의 적을 상대하기에 유리합니다.,c_warrior_highlander,False,False,0,3,[0],"[103017, 103007, 103001, 103022, 103004, 103010, 103011, 103023, 103024, 103028]","[10201, 10202, 10203, 10208, 10204, 10207, 10205]",하이랜더,2,25,80,0,0,95
1003,Char1_3,1,"왕국의 역사에서 펠타스타는 왕명으로만 봉사하면서 용병 수준의 대가를 받는 집단이었습니다. 정규 왕국군도 용병도 아닌 이런 특징은 현재에도 이어지고 있으며, 본격적으로 용병의 역할을 할 때는 일반 용병과는 다른 특이한 규칙을 따릅니다. {nl}펠타스타는 방패를 사용해 적의 공격을 막아내거나, 적을 도발하여 유인하는 방어형 전사입니다.",c_warrior_peltasta,False,False,2,3,[5],"[102034, 102014, 102016, 102028, 102004, 102012, 102001, 102031, 102027, 102007, 102008, 102032, 102033]","[10102, 10103, 10105, 10106, 10101, 10110, 10104]",펠타스타,2,150,20,0,0,30
1004,Char1_4,1,"하플라이트는 왕국군이 외부에서 실력자를 초빙할 때 처음 편성되었습니다. 하플라이트는 정해진 무기와 규율에 맞춰 생애의 일정 기간을 왕국군에서 복무한 후에는 자유로운 삶을 살 수 있습니다. 계급도 일반 병사에서 장군까지 다양하며 마스터의 경우는 복무시 계급이 무시된 채 별도의 계급을 부여하지 않으며 퇴역자 가운데 뽑힙니다. {nl}창을 사용하는 하플라이트는 사정거리가 길고, 중형급 이상의 크고 강한 적을 상대할 때 보너스를 획득합니다.",c_warrior_hoplite,False,False,0,3,[0],"[104007, 104004, 104026, 104012, 104021, 104027, 104001]","[10302, 10304, 10308, 10306, 10307, 10303, 10301]",하플라이트,2,70,50,0,0,80
1005,Char1_5,1,센츄리온 클래스는 포메이션을 사용해 전투를 지휘하는 클래스입니다. 상황에 따라 여러가지 진형을 사용해 동료들을 지휘합니다.,c_warrior_centurion,False,False,1,3,[9],"[110001, 110002, 110003, 110004, 110005]","[10901, 10902, 10903, 10904, 10905, 10906, 10907, 10908, 10910]",센츄리온,200,1,1,1,1,1
1006,Char1_6,1,"바바리안은 다른 대륙에 속하는 전사이나 오래 전에 왕국의 인정을 받은 사회에 속합니다. 바바리안은 그들 특유의 검술을 발전시켰고, 이것을 왕국인에게 전수하는데 인색하지 않습니다. 바바리안 사회에는 그들 조상이 오래 전에 왕국땅에서 그쪽 대륙으로 넘어가 정착했다는 내용이 구전됩니다. {nl}승리를 위해선 형식에 구애받지 않고 무엇이든 하는 바바리안은 저돌적이고 호전적인 전사입니다. ",c_warrior_barbarian,False,False,0,3,[0],"[105001, 105006, 105017, 105023, 105005, 105004, 105016, 105014]","[10401, 10404, 10411, 10405, 10410, 10406, 10408]",바바리안,2,40,80,0,0,80
1007,Char1_7,1,탑승물이 무엇이든 기병은 양성하기 어려운 병과이므로 왕국군에서 특별 대우를 받습니다. 현역 군인을 겸하는 마스터가 이런 대우의 일환입니다. 어려서부터 탑승물을 접해본 마상무예의 대가는 주로 귀족과 상류층에서 나오며 따라서 마스터가 아니라도 캐터프랙트는 고급 장교입니다. 심지어 왕군군인이 아니어도 그렇게 취급됩니다.{nl}양손창을 전문적으로 사용하는 캐터프랙트는 적들의 방어선을 돌파하여 분쇄시키는 기병 클래스입니다. ,c_warrior_cataphract,False,False,2,3,[0],"[107019, 107001, 107004, 107014, 107007, 107010, 107018, 107012, 107020]","[10601, 10602, 10604, 10608, 10605, 10603, 10606]",캐터프랙트,2,50,40,0,0,110
1009,Char1_9,1,"도펠죌트너의 역사는 오래되었습니다. 다만 과거 역사와 달리 현재 칼날서약단원이 아닌 도펠죌트너는 많지 않으며, 용병이 아닌 사람은 더욱 희귀합니다. {nl}도펠죌트너는 많은 보상을 위해 높은 리스크를 감수하는 용병 클래스입니다. 스스로를 위험에 노출시키는 대신 공격력을 높이거나 많은 경험치를 획득합니다.",c_warrior_doppelsoeldner,False,False,0,3,[0],"[111018, 111003, 111001, 111004, 111019, 111008, 111010, 111009, 111012, 111020, 111013]","[11004, 11001, 11010, 11006, 11008, 11007, 11009, 11003, 11005]",도펠죌트너,2,40,70,0,0,90
1010,Char1_10,1,"방패와 검에 의한 진법은 군대의 기본훈련에 포함되어온 과정입니다. 단련된 검방병사들은 쉽게 무너지지 않지만, 그럼에도 진형이 흩어질 경우 큰 피해가 발생합니다. 그런 피해를 방지하고 단단한 정신적 유대관계를 형성시키기 위해 별도의 병과로 왕국군이 묶어준 것이 로델레로입니다.{nl}로델레로는 적을 기습하여 와해시키는 전투의 전문가입니다. 방패를 이용한 방어기술은 원거리 공격을 막아내는데 효과적입니다.",c_warrior_rodelero,False,False,2,3,[0],"[106024, 106001, 106004, 106007, 106010, 106019, 106020, 106017]","[10501, 10502, 10503, 10504, 10507, 10505, 10508]",로델레로,2,90,40,0,0,70
1012,Char1_12,1,"검투사는 공공연한 직업은 아니지만, 그렇다고 폄하되는 직업도 아닙니다. 최초의 검투사 경기는 900년 전 멜키엘 국왕 시절에 열렸으며 무르밀로는 그 시절부터 지금까지 내려오는 직업입니다.{nl}무르밀로는 공격과 방어의 밸런스가 조화된 검투사 클래스입니다. 어인형 투구를 써서 원거리 공격을 막아내거나 방패를 사용하는 기술의 효과를 향상시킬 수 있습니다.",c_warrior_murmillo,False,False,1,3,"[0, 5]","[115020, 115002, 115003, 115005, 115009, 115015, 115018]","[11301, 11302, 11303, 11304, 11309, 11307, 11308, 11310]",무르밀로,2,80,40,0,0,80
1014,Char1_14,1,"3차에 걸친 왕위계승분쟁 속에서 입궐시 귀족이 궁궐내에서 지닐 수 있는 무기에 대한 제한이 강화되었습니다. 펜서는 이런 상황에서 귀족가의 무예의 발전 방향을 제시하였으며, 계승전쟁 당시 검술로 하급 귀족에서 상급 귀족이 된 허턴 가문의 영향력이 큽니다. 오늘날에는 다른 가문과 펜서 검술 사범의 존재는 그저 명맥을 잇고 있는 정도입니다.{nl}펜서는 레이피어를 사용해 빠른 연타 공격을 구사하는 클래스입니다.",c_warrior_fencer,False,False,0,3,[0],"[112004, 112006, 112007, 112002, 112008, 112012, 112010]","[11103, 11105, 11107, 11101, 11106, 11108, 11110, 11111]",펜서,2,30,110,0,0,60
1015,Char1_15,1,"드라군은 히밀 가문이 샤펜스타에서 탈퇴할 때 처음 생겼습니다. 히밀 가문이 아닌 드라군들도 모두 히밀 가문에서 기술을 배우거나 연관이 있으며, 직접 연관이 없는 드라군도 따지고 보면 스승이나 아버지 혹은 조부 등이 히밀 가문에서 배운 사람이 확실합니다.  {nl}드라군은 창을 사용한 전투에 능숙한 정예의 전사입니다. 특히 양손창을 사용할 때 보너스를 획득합니다.",c_warrior_dragoon,False,False,2,3,[0],"[114001, 114003, 114005, 114008, 114011, 114014, 114015]","[11401, 11402, 11403, 11404, 11405, 11408, 11409, 11407]",드라군,2,60,40,0,0,100
1016,Char1_16,1,"템플러는 라엘 국왕 시대에 성직에서 분리되어 신전과 사원보다 왕명에 우선 따르게 되었습니다. 이후 2차 왕위계승전쟁에서 글리헬 국왕을 지지하여 등극을 도운 공적을 세웠습니다. 이런 유래로 몇 가지 단서 조항은 있으나 템플러는 다른 왕국군과 달리 인간에 대한 전투가 벌어질 경우 왕국법상 가장 강력한 권한을 위임 받은 군인이 됩니다.   {nl}템플러는 기사단 길드를 조직하고 통솔하는 지휘관 클래스입니다. 길드의 마스터는 템플러 클래스만 맡을 수 있으며, 길드의 성장 방향을 결정할 수 있습니다.",c_warrior_templar,False,False,0,3,[7],"[117001, 117004, 117005, 117006, 117007]","[11506, 11510, 11508, 11509, 11511, 11512, 11505, 11513]",템플러,2,65,70,0,0,65
1017,Char1_17,1,랜서는 주로 귀족 출신이며 왕국군의 주력이기도 합니다. 그러므로 상당수가 왕궁 주변에 주둔하였다가 신수의 날에 큰 피해를 입었습니다. 현재 랜서의 숫자는 모든 병과 중 가장 적다고 할 수 있습니다. {nl}랜서는 강력한 대인전 기술을 사용하는 기병 클래스입니다. 적의 마법진이나 구조물을 쉽게 돌파하는 위력을 갖고 있습니다.,c_warrior_lancer,False,False,2,3,[2],"[116001, 116002, 116006, 116007, 116008, 116018, 116009, 116014, 116013]","[11601, 11603, 11604, 11605, 11606, 11607, 11608, 11609]",랜서,2,55,45,0,0,100
1018,Char1_19,1,"최초의 마타도르 기술은 실제 전투에 필요한 사항과 관람객들에게 보여주기 위한 예능성을 포함하는 종합격투예술이었습니다. 그리고 300년의 시간이 흐르면서 마타도르의 기술 역시 변화를 겪게 됩니다. 그 중 가장 특기할 변화를 꼽자면 그 기술이 비단 마수를 상대하는 일뿐 아니라 결투에도 강력한 쪽으로 발전했다는 사실입니다. {nl}마타도르는 투우사로 적을 강력하게 도발하며 재빠른 몸놀림을 보여 순간적으로 적을 공격하고 빠지는 것에 능숙한 클래스입니다.{nl}오르샤에 있는 마타도르 게시판과 대화 후 에산치우 마을에 있는 리티스, 나글리스, 리나스와 대화한 다음 페디미안에 있는 마타도르 마스터를 만나세요.",c_warrior_matador,True,False,2,3,[6],"[118010, 118011, 118001, 118008, 118002, 118019, 118020, 118005, 118012, 118014, 118015]","[11701, 11702, 11703, 11704, 11705, 11706, 11707]",마타도르,2,60,50,0,0,90
1019,Char1_20,1,"{/}{/}{#7AE4FF}{ol}[2번째 전직부터 선택 가능]{/}{/}{nl}낙무아이의 등장은 최근의 사건입니다. 새로운 맨손 격투가의 등장으로 인기를 끈 투기장의 흥행은 뒤를 이은 불행한 사건과 함께 왕국 수도 투기장의 폐쇄를 불러왔습니다. 그럼에도 신수의 날로 모든 투기장이 문을 닫을 때까지 낙무아이의 투기장에서의 활약이 쇠퇴하지는 않았으며, 낙무아이 마스터도 언젠가는 다음 대로 이어지리라 추측됩니다.{nl}낙무아이는 무에타이 기술을 사용하는 근접 물리 공격 클래스로 힘에 영향을 받아 효과가 상승하거나 추가 효과가 발생하는것이 특징입니다.",c_warrior_nakmuay,True,True,0,3,[0],"[119001, 119002, 119003, 119004, 119005]","[11801, 11802, 11803, 11804, 11805, 11806]",낙무아이,2,40,100,0,0,60
1020,Char1_18,1,"레티아리이의 역사는 왕국의 검투역사에서 무르밀로 다음으로 깁니다. 최초의 검투 시합이 개최된 후 100년 정도 후에 발생하였으며, 오랜 기간 투기장의 주역으로 활약했습니다. 무르밀로의 투구 등의 복장이 변화된 유행도 실은 레티아리이의 발생과 연관이 있으며 상호 보완적입니다. {nl}레티아리이는 투망과 한손창, 단검으로 무장하고 전투하는 검투사 클래스입니다. 투망을 이용하여 상대를 포박하고 장비를 해제시켜 상대의 전투능력을 상실시키는 재주에 능합니다.{nl}테넌츠 농장에 있는 레티아리이 마스터를 만나세요.",c_warrior_retiarii,True,True,0,3,[0],"[120016, 120013, 120017, 120014, 120003, 120004, 120005, 120006, 120007, 120008, 120011, 120012]","[11901, 11902, 11903, 11904, 11905, 11906, 11908]",레티아리이,2,50,60,0,0,90
1021,Char1_21,1,"하카펠은 100인 이상이 모여 집단을 구성할 수 없도록 규정된 오래 된 왕국법이 있어서 소수 집단이나 개별적으로 활동하는 용병입니다. 최초에 왕국군의 기병병과에서 분리되어 나올 때 만들어진 규칙이지만, 아직 개정되지 않아 다른 용병 병과와 형평성 문제가 꾸준히 제기되고 있습니다. {nl}하카펠은 기동성이 높은 기병 클래스입니다. 다양한 연계 기술로 적들을 공격합니다.",c_archer_hackapell,False,False,1,3,[2],"[314001, 314003, 314009, 314013, 314015, 314007]","[12001, 12005, 12004, 12008, 12002, 12006, 12007]",하카펠,2,45,80,0,0,75
2001,Char2_1,1,위저드는 왕국 모든 마법사의 기초과정입니다. 심지어 아가일라 플러리가 모든 마법 마스터를 겸직하던 시절에도 실제로는 따로 사람을 두어 다른 일로 바쁜 자신 대신에 업무를 처리하게 했을 정도로 중요한 마법사이자 과정으로 간주됩니다.                                                                                                        {nl}위저드 계열은 넓은 범위나 많은 수의 적을 상대하는데 유리한 스킬을 많이 보유하고 있습니다. 몬스터를 소환해서 대신 싸우게 하거나 보조계열 마법으로 아군을 도울 수도 있습니다.,c_wizard_wizard,False,False,2,4,[0],"[10029, 201001, 201017, 201006, 201013, 201008, 201016]","[20001, 20002, 20004, 20005, 20007]",위저드,1,40,0,80,80,0
2002,Char2_2,1,"파이로맨서는 마법사이지만 대대로 신성마력법사로 인정받을 정도로 불의 여신 가비야와 밀접한 관련이 있습니다. 마법과 신성이 혼재하는 경우는 왕국밖에서는 흔한지만, 왕국에서는 흔치 않은 점을 고려하면 학문적으로나 실제 사용에 있어서와는 달리 문화적으로는 전적으로 왕국 내부에서 발생했음에도 파이로맨서는 이국적이라고 할 수 있습니다. {nl}불을 다루는 파이로맨서는 강력한 불 지속 마법을 사용하여 다수의 적을 제압합니다.",c_wizard_pyromancer,False,False,2,4,[0],"[202019, 202001, 202014, 202024, 202004, 202015, 202017, 202021, 202022, 202011, 202013, 202016, 207001]","[20101, 20102, 20103, 20107, 20105, 20106, 20109]",파이로맨서,2,50,0,90,60,0
2003,Char2_3,1,"대부분의 마법사는 마법의 여러 영역을 넘나들지만, 크리오맨서만을 고집하는 마법사도 있습니다. 이들은 자신들이 가장 왕국 마법의 전통을 잘 보존하고 있다고 생각합니다. {nl}얼음을 다루는 크리오맨서는 강력한 마법으로 적을 얼리거나 얼음 장벽으로 적을 가둬 동료를 보조합니다.",c_wizard_cryomancer,False,False,2,4,[0],"[203013, 203017, 203019, 203001, 203011, 203004, 203020, 203007, 203022, 203015, 203018, 203010, 203023, 203021]","[20201, 20202, 20203, 20204, 20205, 20207, 20208]",크리오맨서,2,70,0,70,60,0
2004,Char2_4,1,사이코키노는 엄밀히는 마법이 아니라 선천적인 초능력을 발휘하는 사람입니다. 비교적 최근인 오윈 딜벤에 이르러서야 선천적인 재능이 없는 사람도 사이코키노가 될 길이 열렸습니다. 물론 마법을 익히는 일이 불가능한 마법치에게는 이것도 불가능합니다. 그런 점에서 플러리의 제자인 제인의 꿈은 아직도 요원합니다.{nl}사이코 키노는 염동력을 사용하여 중력을 조작할 수도 있고 적을 끌어당기거나 던져버릴 수 있습니다. ,c_wizard_psychokino,False,False,2,4,"[0, 7]","[204004, 204017, 204007, 204011, 204015, 204010, 204012, 204018, 204019, 204020]","[20301, 20303, 20304, 20305, 20308, 20306, 20307]",사이코키노,2,55,0,95,50,0
2005,Char2_5,1,왕국 최초의 알케미스트는 윈터스푼가문의 초대 가주이며 지금까지도 윈터스푼 가문은 연금술계의 종주이자 주도 세력입니다. 연금술사의 원칙 역시 윈터스푼 가문에서 만들어져 널리 퍼지게 되었습니다.{nl}알케미스트는 연금술을 이용하여 젬을 강화하거나 아이템의 합성 또는 제작을 할 수 있습니다.,c_wizard_alchemist,False,False,2,4,[4],"[211001, 211004, 211005, 211006, 211008]","[21001, 21002, 21007, 21005, 21008, 21006, 21003, 21009, 21010]",알케미스트,2,55,0,65,80,0
2006,Char2_6,1,"소서러는 마족이 세계에 투영하는 영혼과 마성의 잔재를 붙잡아 그것을 강화하여 실체에 가까운 모습으로 세상에 구현하는 방식을 사용하며, 이는 마법학의 놀라운 성과에 해당합니다. 역사적으로 많은 소서러가 늙으면 부리던 마족의 투영체에게 피해를 입는 경우가 가끔 있어서 소서러들은 건강과 기력 유지에 큰 신경을 쓰는 편입니다. {nl}소서러는 악마를 소환하는 마법사입니다. 소환된 악마를 조종하거나 탑승하여 적을 상대합니다.",c_wizard_sorcerer,False,False,1,4,"[3, 0]","[208003, 208014, 208001, 208002, 208006, 208007, 208013, 208009, 208011, 208010, 208008]","[60, 61, 62, 20701, 20706, 20707, 20708, 20703, 20704, 20710, 20709]",소서러,2,20,0,70,110,0
2008,Char2_8,1,"크로노맨서는 아가일라 플러리가 창시한 마법학의 분야로 그녀의 사망 이후 마스터 자리는 공석이었다가 루시드 윈터스푼이 시간을 거슬러 올라가 플러리가 남긴 전승과 유물을 수습하여 맥을 잇게 되었습니다. 현재 상태로는 3대 마스터는 수 세기가 지나야 나올 것으로 보입니다. {nl}크로노맨서는 시간을 조작하는 마법사입니다. 시간을 빠르게 하거나 멈춰서 동료들을 도울 수도 있고, 이전의 상태로 시간을 되돌릴 수도 있습니다.",c_wizard_chronomancer,False,False,2,4,[7],"[209003, 209004, 209009]","[20802, 20803, 20804, 20809, 20806, 20808, 20807]",크로노맨서,2,55,0,70,75,0
2009,Char2_9,1,"아가일라 플러리가 마스터를 겸직한 이래 일부 소수가 비밀리에 행하던 인간의 육신과 영혼을 다루는 네크로맨시는 완전히 박멸되었으며, 몬스터만을 원천으로 사용하는 직업으로 확립되었습니다. {nl}네크로맨서는 사체를 이용한 마법을 사용하는 클래스입니다. 틈틈히 모아둔 사체로 적을 공격하거나 소환물을 만들어 낼 수 있습니다.",c_wizard_necromancer,False,False,2,4,"[3, 0]","[210016, 210001, 210008, 210006, 210011, 210003, 210005, 210010, 210017, 210009, 210002, 210004, 210013]","[60, 61, 62, 20901, 20902, 20904, 20909, 20906, 20908, 20903, 20911, 20912]",네크로맨서,2,30,0,60,110,0
2011,Char2_11,1,"엘레멘탈리스트는 만물의 근원물질이 여신의 권능으로 조절되어 세상에 작용하는 방식을 이해하고자 노력하며 그러한 이해를 바탕으로 그 힘을 적용하고 이용하려는 사람들입니다. 근원물질의 첫 발현 상태이자 이용하기 쉬운 형태인 4원소를 중요시하며, 천상의 권능이 만물을 다루는 순리를 좇는 가운데 위력을 보이도록 정진하고 있습니다. {nl}엘리멘탈리스트는 원소의 힘을 다루는 마법사입니다. 강력한 공격 마법을 갖고 있지만 기술을 재사용하기까지 시간이 필요하므로 동료와의 협력이 중요합니다.",c_wizard_elementalist,False,False,2,4,[0],"[207017, 207018, 207019, 207007, 207013, 207004, 207015, 207010, 207028, 207025, 207026, 207027]","[20601, 20603, 20609, 20610, 20611, 20602, 20605]",엘리멘탈리스트,2,20,0,100,80,0
2012,Char2_12,1,미믹,c_wizard_thaumaturge,False,False,,4,,,,미믹,200,3,4,8,7,3
2014,Char2_14,1,"독서가들이 노년에 발현하는 마법적 능력을 심화시킨 마법의 분파인 세이지는 그 성격상 학자이거나 관직과 마법을 병행하는 인물이 되며, 대부분 후자에 속하는 인물이 많습니다. 후자의 대부분은 또한 왕궁 근무경력이 있다는 점에서신수의 영향력을 장기간에 걸쳐 받은 지성이 마력으로 발현한다고 추측되고 있습니다. {nl}세이지는 지식을 통해 세계의 원리를 깨우쳐 공간을 조작할 수 있게 된 마법사 클래스입니다. 차원을 조작하는 마법을 사용하거나 포탈을 이용해 자신이 아는 곳으로 이동할 수 있습니다.",c_wizard_sage,False,False,2,4,"[0, 7]","[216001, 216016, 216017, 216002, 216008, 216011, 216003, 216009, 216012, 216005, 216014, 216013, 216010, 216015]","[21401, 21403, 21404, 21405, 21408, 21409, 21410, 21411]",세이지,2,30,0,100,70,0
2015,Char2_15,1,"일반인은 워록이 악마의 힘을 사용한다는 오해를 합니다. 그러나 워록 역시 여신의 가호 아래 있으며, 다 자란 자녀가 부모에게 의지하지 않듯이 여신에게 부담을 줘선 안 된다고 워록은 생각합니다. 이런 독립심과 정신력으로 마력을 통제하기에 부정적으로 보이기 쉬우며, 더구나 통제 대상이 암흑의 힘이니 편견이 생기는 일은 충분히 이해가 갑니다. {nl}워록은 악령의 힘을 사용하는 마법사입니다. 적을 처치해 악령을 소환하거나 조종할 수 있습니다.",c_wizard_warlock,False,False,1,4,[0],"[212014, 212007, 212008, 212018, 212002, 212009, 212010, 212013, 212015]","[21202, 21203, 21205, 21207, 21201, 21204, 21208]",워록,2,20,0,110,70,0
2016,Char2_16,1,마법과 신학이 분화되고 전문화된 왕국과 달리 왕국 밖의 사회에서는 대개 두 가지는 주술적인 형태로 하나로 묶여 있으며 이것은 페더풋도 마찬가지입니다. 왕국은 신수의 날의 영향받은 사회에서 파견된 주술사를 너그럽게 사제 혹은 마법마스터로 인정하고 이들이 왕국을 돕고 그들 사회에 필요한 것을 얻을 수 있도록 허가하고 있습니다. {nl}페더풋은 주술적인 힘을 사용하는 마법사입니다. 적의 생명 에너지를 흡수하거나 적을 저주하여 동료를 돕습니다.,c_wizard_featherfoot,False,False,2,4,[0],"[213010, 213003, 213004, 213005, 213007, 213014, 213011, 213017, 213018, 213020]","[21101, 21102, 21103, 21104, 21105, 21106, 21107, 21109]",페더풋,2,60,0,70,70,0
2017,Char2_17,1,"{/}{/}{#7AE4FF}{ol}[2번째 전직부터 선택 가능]{/}{/}{nl}룬캐스터들이 샤울레이나 오르샤 지방에서 활동하는 일은 많지 않았습니다. 그러나 천년제 이후 여러 룬캐스터들이 왕국 곳곳에 퍼져 정착하기 시작하였으며 현재는 마스터도 남하해 와있습니다. 다만 그럼에도 룬캐스터 본류는 여전히 왕국 북부에 있습니다.{nl}룬캐스터는 마력이 담긴 고대의 문자를 사용하는 마법사입니다. 문자의 힘을 끌어내는 데는 시간이 걸리지만, 그 위력은 매우 강력합니다.",c_wizard_runecaster,True,True,2,4,[0],"[214001, 214003, 214005, 214009, 214012, 214010, 214011]","[21302, 21303, 21304, 21305, 21301, 21306]",룬캐스터,2,55,0,85,60,0
2019,Char2_19,1,섀도우맨서는 소서러가 마족의 투영체를 우리 세계 현실에 구현하는 일에서 영감을 얻어 시작된 마법의 한 분야로 계속적으로 발전하는 분야입니다. 최근 연구중인 일월식의 그림자를 이용하는 방식이 성공한다면 역사상 유례가 없는 대규모 광역 마법의 출현도 가능합니다. {nl}섀도우맨서는 그림자를 이용하여 적에게 강력한 공격을 하거나 숨어 생존하는 마법사 클래스 입니다.{nl}타니엘 1세 기념구의 도서관 별관 지붕에 나타나는 그림자에 말을 걸면 시작됩니다.,c_wizard_shadowmancer,True,False,2,4,[0],"[217001, 217004, 217002, 217005, 217003, 217010, 217009]","[21601, 21602, 21603, 21604, 21605, 21606, 21613]",섀도우맨서,2,40,0,110,50,0
2020,Char2_20,1,음양사는 약 90년 전 왕국 외부에서 건너와 천년제에 참여한 이래 50년간 왕실에 봉사하다가 약 40년전 왕실에 종속된 관계를 청산하였습니다. 물론 여전히 왕국 안에서 의무를 다하지만 다른 성직자나 마법사 등과 같은 독립성을 얻은 것입니다. {nl}음양사는 식신령을 소환하고 음양오행에 관련된 마법을 사용하는 클래스 입니다. 다수의 적을 효과적으로 상대할 수 있습니다.{nl}클라페다의 기사단장 우스카에게 초조해 보인다며 말을 걸면 시작됩니다.,c_wizard_onmyoji,True,False,1,4,[0],"[218001, 218003, 218004, 218005, 218006, 218007, 218008, 218009, 218012, 218013, 218015, 218019, 218020]","[21607, 21608, 21609, 21610, 21611, 21612, 21614]",음양사,2,40,0,95,65,0
2021,Char2_21,1,도사는 인간의 수양이 잠재된 신성을 발현시킨다는 사상이며 이를 거듭할수록 인간이 여신과 더 가까워지는 성화의 과정을 밟을 수 있다고 생각합니다. 도사의 본향에서는 이를 교철의 교리라하며 왕국도 이를 인정하여 도사를 성직의 한 부류로 승인하였습니다. 다만 이들의 본향에서는 성직자와 마법사가 명확히 구별되지 않습니다. {nl}도사 클래스는 도술의 힘을 사용합니다. 부적을 이용해 적을 공격하거나 동료들을 도울 수 있습니다.,c_cleric_daoshi,False,False,1,4,"[0, 7]","[416009, 416011, 416014, 416013, 416015, 416016, 416017, 416018, 416019]","[21803, 21802, 21805, 21809, 21804, 21806, 21807, 21808]",도사,2,50,0,70,80,0
2022,Char2_22,1,보코르는 개인과 그 고단한 운명 사이에 선 중개업자라는 신조를 지닙니다. 따라서 보코르는 신관이자 마법사입니다. 약 900년전 멜키엘 시대에 왕국에 복속되어 왕국에 완전히 동화된 부족사회에서 기원하여서 이제는 왕국민도 보코르가 원래는 이방신앙과 마법이었다는 사실을 잊었으며 적어도 왕국에서는 마법사보다 신관으로서의 위상이 더 큽니다. {nl}부두술을 사용하는 보코르는 죽은 사체를 되살려 좀비로 만들거나 적에게 저주를 걸어 멀리서 괴롭힐 수 있습니다.,c_cleric_bokor,False,False,1,4,"[3, 0]","[404015, 404001, 404010, 404008, 404009, 404005, 404013, 404007, 404012]","[60, 61, 62, 21701, 21702, 21703, 21704, 21705, 21706, 21707, 21708]",보코르,2,40,0,70,90,0
3001,Char3_1,1,아처 분야는 민간인과 왕국군 그리고 샤펜스타 단원이 혼재되어 있습니다. 쉽게 접근하나 완벽히 익히기는 어려운 클래스이지만 오랜 역사에 걸쳐 지원자와 익히는 사람의 수는 줄어들지 않았습니다. {nl}아처 계열은 기본 공격 중 이동이 가능하며 기본 이동 속도가 다른 계열보다 빠르기 때문에 긴 사거리를 이용하여 안전한 장소에서 전투를 할 수 있습니다.,c_archer_archer,False,False,1,0,[0],"[301001, 301008, 301024, 301012, 301025]","[30001, 30005, 30004, 30007, 30008]",아처,1,50,75,0,0,75
3002,Char3_2,1,야수를 길들여 야수를 사냥하는 방식은 유구한 역사를 자랑하며 처음에는 사냥견에서 출발하여 지금은 다양한 몬스터를 활용하는데 이르렀습니다. 헌터 마스터는 사냥에 사용하는 무기와 사냥에 동반하는 야수에 관해 모두 잘 알아야 하는 클래스로서 전문성이 높습니다. {nl}헌터는 컴패니언에게 명령을 내려 적을 사냥하는 조련 클래스입니다. 목표물을 물고 늘어지거나 숨어있는 적을 찾아내는 등 주인과 협력하여 사냥하는 기술을 사용합니다.,c_archer_hunter,False,False,1,0,"[7, 8]","[10019, 10020, 305008, 305010, 305011, 305002, 305012, 305013]","[30401, 30403, 30406, 30404, 30408, 30409, 30407]",헌터,2,80,30,0,0,90
3003,Char3_3,1,"쿼렐슈터는 성실한 노력가에게 어울리는 클래스입니다. 활이란 원래 손질을 자주 해야하는 무기지만 왕국 쿼렐슈터의 무기는 더욱 그렇기 때문입니다. 그래서 역대로 쿼렐슈터로 성공한 사람치고 게으른 사람이 없다는 평이 돌아다닙니다. {nl}방패와 쇠뇌를 사용하는 쿼렐슈터는 엄폐물을 사용하여 전략적인 플레이를 하는 클래스로, 적의 원거리 공격을 방어하는 동시에 쇠뇌 기술로 접근하는 적을 처리할 수 있습니다.",c_archer_quarrelshooter,False,False,2,0,[5],"[303019, 303001, 303004, 303007, 301007, 303009, 303020]","[30201, 30202, 30204, 30205, 30208, 30206, 30209]",쿼렐슈터,2,100,50,0,0,50
3004,Char3_4,1,레인저의 기원은 왕국 건국 이전까지 올라갑니다. 왕국 초기에는 산악경비대로 반독립적인 활동을 했으며 이후 점차 왕국의 법체계 안에 동화되어 왔지만 천 년이 흐른 지금도 완벽하게 왕국군에 소속되지 않은 나름대로의 전문가 집단입니다. {nl}레인저는 활을 사용하여 원거리에서 빠른 사격을 하는 클래스로 다수의 적을 상대하는데 특화되어 있습니다.,c_archer_ranger,False,False,1,0,[0],"[302001, 302014, 302004, 302021, 302007, 302008, 302017, 302013]","[30101, 30102, 30104, 30103, 30107, 30106]",레인저,2,30,60,0,0,110
3005,Char3_5,1,"보통 새퍼는 화약의 발명 이후 나타났다고 생각하지만, 실은 그 보다 오랜 역사를 지녔습니다. 화약 발명 이전에도 왕국군에서 새퍼의 역할은 중요하였고, 제대자가 민간에 기여한 일도 많습니다. 물론 이 시기에는 건축가로서의 면모와 그 지식을 바탕으로한 군사 활동을 병행했습니다. {nl}새퍼는 덫을 설치하는 궁수로 적군을 자신의 트랩으로 유인하여 공격하는 클래스 입니다.",c_archer_sapper,False,False,1,0,[1],"[10018, 304019, 304004, 304007, 304028, 304010, 304030, 304001, 304016, 304029, 304013]","[30301, 30302, 30303, 30310, 30304, 30306, 30305, 30311, 30308]",새퍼,2,90,40,0,0,70
3006,Char3_6,1,"무고사는 왕국의 변경에 사는 소수 민족의 무예가 인정받은 사례입니다. 이들 민족은 건국 이전에 다른 대륙에서 건나와 정착하였다고 추측됩니다. 역시 멜키엘 국왕 시절에 왕국에 동화되었으며, 그들의 기술도 정식으로 인정받았습니다. {nl}독을 전문적으로 사용하는 무고사는 비전의 방법으로 만든 여러가지 고독을 사용해 적을 공격하거나 고혹하게 합니다. ",c_archer_wugushi,False,False,2,0,[0],"[306012, 306019, 306004, 306014, 306018, 306007, 306022, 306023]","[30501, 30504, 30507, 30508, 30505, 30506, 30509, 30510]",무고사,2,50,50,0,0,100
3011,Char3_11,1,최초의 플레처는 리디아 샤펜 시절에 나타났으며 평생 그녀의 협조자로 살며 리디아 샤펜이 많은 전설을 남기는데 기여했으며 작위도 받았습니다. 이후 화살 제조와 무기 제조로 돈을 많이 벌고 영지를 넓혀 이후 상당수의 플레처 마스터가 이 가문에서 나왔습니다.  {nl}플레쳐는 특수한 화살을 제작하고 사용하는 클래스입니다. 다양한 화살들은 적의 종류와 전투의 상황에 따라 강력한 효과를 발휘합니다.,c_archer_fletcher,False,False,2,0,"[0, 4]","[309016, 309017, 309001, 309003, 309005, 309007, 309009, 309014, 309010]","[30801, 30802, 30803, 30804, 30806, 30805]",플레쳐,2,35,65,0,0,100
3012,Char3_12,1,"대개의 왕국민은 파이드 파이퍼를 부담스러워 합니다. 기본적으로 왕국 사회에 필요하지만, 가능하면 주변에 없었으면 하는 마음이 일반적입니다. 그 마음의 기저에는 두려움이 있습니다. 그러나 왕국이 마스터를 지정한 이후 어느 정도는 인식 개선이 이루어졌습니다.{nl}파이드 파이퍼는 피리를 연주하는 클래스입니다. 피리를 불어 적을 제어하거나 해로운 효과를 부여하고, 아군에겐 이로운 효과를 부여합니다. 피리를 직접 연주할 수도 있습니다.{nl}페디미안의 잡화상인 뮤라스에게 고민이 있어보인다며 말을 걸면 시작됩니다.",c_archer_piedpiper,True,False,1,0,"[7, 5]","[318006, 318011, 318013, 318015, 318016]","[31701, 31702, 31703, 31704, 31705, 31706, 31707, 31708]",파이드 파이퍼,2,60,70,0,0,70
3013,Char3_13,1,{/}{/}{#7AE4FF}{ol}[2번째 전직부터 선택 가능]{/}{/}{nl}감정사는 대개 모든 사람의 친구입니다. 감정사는 여러 종류의 사람과 거래를 하기 때문에 누군가와 척을 지고 사는 일이 거의 없습니다. 감정사는 직업상 알게 된 소장품과 그 소유자의 비밀을 잘 지키기로도 유명한 사람들입니다.{nl}감정사는 미감정 아이템을 감정할 수 있는 클래스입니다. 전투에서는 아군이나 적을 평가하여 유리한 상황을 이끌어냅니다.,c_archer_appraiser,True,True,2,0,"[7, 4]","[316003, 316002, 316004, 316005]","[31501, 31503, 31505, 31504, 31506, 31502]",감정사,2,50,65,0,0,85
3014,Char3_14,1,"기본적으로 응사는 매를 길들이는 것이 아니라 서로 익숙해지며, 교감하는 일이 우선이기 때문에 성품 또한 인내와 절제를 갖춰야 합니다. 또한 영적인 감과 본능적인 감이 좋아야 하기 때문에 뛰어난 인재가 오랜 기간 나타나지 않으면 헌터 마스터가 응사 마스터를 겸직하기도 합니다.{nl}응사는 매를 다루는 조련 클래스입니다. 까탈스러운 매는 잘 길들일수록 홀로 싸울 때보다 든든한 동료가 되어 줍니다.",c_archer_falconer,False,False,1,0,[7],"[10019, 10020, 310021, 310015, 310011, 310006, 310017, 310008, 310010, 310022]","[31002, 31003, 31005, 31006, 31008, 31011, 31013]",응사,2,70,50,0,0,80
3015,Char3_15,1,캐노니어는 왕국군의 집단전에서 무척 중요하기 때문에 최상급 귀족가문 출신으로 마스터를 뽑거나 해당 마스터에게 왕실에서 사성을 합니다. 그리고 창설이래 아직 평민이 마스터 직위에 오른 적은 없습니다. 다만 캐노니어는 마스터를 포함하여 작위가 높아도 군령과 군정에 관해서는 왕군군의 계급을 우선하도록 군법에 규율되어 있습니다.  {nl}캐노니어는 강력한 대포를 사용하는 궁수계 클래스입니다. 대포는 사용 전후의 빈틈이 있고 포탄의 번거로운 결점이 있지만 그만큼 강력한 범위와 화력을 자랑합니다.,c_archer_cannoneer,False,False,1,0,[0],"[312001, 10018, 312021, 312002, 312017, 312004, 312007, 312013, 312011, 312005, 312009, 312020, 312014, 312015]","[31101, 31103, 31104, 31106, 31105, 31107, 31108]",캐노니어,2,60,20,0,0,120
3016,Char3_16,1,"머스킷티어의 역사는 400년이 아직 안 되었습니다. 그러나 이미 왕국군의 주요 병과이며, 용병과 민간인의 사냥, 모험가 등의 많은 분야와 직종에서 필요성이 높아지고 있는 클래스입니다. {nl}머스킷티어는 장총을 사용하는 총병 클래스입니다. 활과 동시에 사용할 수는 없지만, 장총을 사용한 연사공격과 근접전에 효과적인 기술을 갖고 있습니다.",c_archer_musketeer,False,False,2,0,[0],"[311005, 313001, 313030, 313002, 313003, 313009, 313004, 313005, 313025, 313011, 313022, 313027]","[31201, 31202, 31204, 31211, 31207, 31209, 31203, 31210]",머스킷티어,2,50,40,0,0,110
3017,Char3_17,1,"메르겐은 왕국 외부의 부족사회에서 유래합니다. 리디아 샤펜의 소개 이후 왕국에서 마스터의 지위도 인정받았으며, 이는 대대로 그쪽 대륙에서 세습되어서 왕국민이 혹시라도 메르겐이 되려면 바다를 건너야 했습니다. 최근 신수의 날 이후 수 세기만에 메르겐 마스터가 왕국으로 건너와 새로 메르겐이 된 사람이 조금 늘었다고 합니다. {nl}양손활을 주 무기로 사용하는 메르겐은 다수의 적들을 상대할 때 특히 강한 궁수 클래스입니다.",c_archer_mergen,False,False,0,0,[0],"[315001, 315002, 315003, 315012, 315005, 315013, 315006, 315011, 315014, 315007, 315015]","[31401, 31402, 31404, 31408, 31406, 31405, 31409]",메르겐,2,40,60,0,0,100
4001,Char4_1,1,"클레릭은 수습 사제를 벗어나면 처음으로 얻는 성직입니다. 수습 과정을 거치든 아니든 클레릭은 천 년도 넘는 왕국 역사에서 항상 사제의 기본을 익히며 여신을 섬기는 형태를 결단하는 과정으로 자리잡았습니다.{nl}클레릭 계열은 자신이나 아군을 치유할 수 있는 회복 스킬과 각종 버프를 통해 아군을 강화하는 보조 역할이 주된 전투 방식이지만, 전방에서 직접 전투를 펼치거나 후방에서 마법 공격으로 화력을 담당 할 수도 있는 다양한 방식으로 육성할 수 있는 계열입니다.",c_cleric_cleric,False,False,2,1,[7],"[401009, 10030, 401004, 401021, 401001, 407002, 401022]","[40001, 40002, 40008, 40006, 40007]",클레릭,1,45,25,25,80,25
4002,Char4_2,1,프리스트는 주로 왕국 수도에서 활동한 사람이 많아서 신수의 날에 가장 많은 피해를 입은 성직자 종류에 해당합니다. 현재 살아있으면서 신수의 날 이전에 프리스트가 된 최 연장자가 아직 삼십대에 불과할 정도입니다. {nl}프리스트는 성물을 사용하여 동료에게 축복을 내리고 성스러운 힘으로 죽은 이를 부활 시키는 성직자 클래스 입니다.,c_cleric_priest,False,False,1,1,[7],"[10018, 403001, 403016, 403004, 403008, 403009, 403018, 403011, 403015, 403017]","[40201, 40202, 40203, 40204, 40211, 40205, 40206, 40209]",프리스트,2,30,15,40,100,15
4003,Char4_3,1,"크리비들은 가장 전통적인 여신 신앙을 지닌 성직자입니다. 전통과 과거를 중시하기에 나이 많은 성직자의 클래스로 여겨지며, 가장 전통적인 여신 신앙이 또한 정통적이라는 생각으로 일찍 이 길로 들어선 성직자도 적지 않습니다. 그리고 그런 사람들은 대개 이 길을 벗어나지 않고 가장 신실한 신앙생활을 영위합니다. {nl}불을 섬기는 사제인 크리비는 성스러운 불을 사용하여 동료의 회복을 돕거나 적에게 강력한 피해를 입힙니다.",c_cleric_kriwi,False,False,2,1,[7],"[402005, 402004, 402013, 402018, 402019, 402001, 402011, 402015, 402016]","[40101, 40102, 40104, 40103, 40105, 40106]",크리비,2,30,15,70,15,70
4005,Char4_5,1,숲과 인간의 균형점을 추구하는 드루이드는 둘 사이의 영적 교감을 잇는 특유의 영적 체험을 통해 그것을 세상에 현실화할 수 있는 권능을 여신으로부터 얻게 되었습니다. 자연과 인간 그리고 여산 사이에서 조화를 이루는 일이 이 계통 성직자인 드루이드의 이상입니다.{nl}자연의 힘을 이용하는 드루이드는 땅에 핀 풀을 조종하여 아군에 도움을 주거나 직접 몬스터로 변신하여 몬스터가 가진 기술을 사용할 수 있는 사제 클래스입니다.,c_cleric_druid,False,False,2,1,[7],"[410020, 410001, 410015, 410016, 410017, 410019, 410014]","[40902, 40906, 40903, 40910, 40905, 40904, 40911, 40908, 40909]",드루이드,2,30,40,60,10,60
4006,Char4_6,1,"배움으로 성직에 입문하는 사람도 있지만, 은총을 통해 여신의 섭리를 전할 사람으로 선택되는 일도 때로는 일어납니다. 사두는 여신께서 특별히 택한 사람들과 그들이 훈련시킨 사람들을 일컫는 말입니다. 사두는 다른 성직자와 다른 방법으로 여신을 접하기 때문에 주술적 요소가 강하며, 수면과 꿈을 조절하는 일이 다른 성직자의 기도에 해당합니다. {nl}사두는 자신의 영혼을 유체화하여 적의 눈에 보이지 않게 활동하거나, 자신의 힘을 동료에게 전송할 수 있습니다. ",c_cleric_sadhu,False,False,1,1,"[0, 7]","[406017, 406009, 406001, 406018, 406019, 406005]","[40501, 40502, 40504, 40503, 40505, 40506]",사두,2,30,0,120,50,0
4007,Char4_7,1,딥디르비는 성직자의 한 계통으로 인정받은 이래 초대 마스터가 현재 마스터로 역대 마스터 재임자가 1인입니다. 현재 존재하는 모든 딥디르비는 한 번 정도는 누구나 테슬라에게 가르침을 얻은 적이 있습니다. {nl}딥디르비는 성스러운 조각상을 깎아 배치합니다. 이 조각상들은 동료를 보호하거나 적을 공격합니다. ,c_cleric_dievdirbys,False,False,0,1,[7],"[405008, 10018, 405001, 405012, 405004, 405013]","[40401, 40402, 40404, 40405, 40403, 40406, 40407]",딥디르비,2,35,15,70,60,20
4008,Char4_8,1,오라클은 신탁을 전하고 여신에 대한 질문에 대한 답을 주는 사람입니다. 여신께서는 인간의 자유의지를 침해하지 않으시기에 신탁은 대개 은유와 상징으로 구성됩니다. 따라서 여신께서 부재한 상황이라도 오라클은 여전히 인간에게 신탁을 전할 수 있습니다. 보혜사의 권능은 원류에서 끊어져도 그 지침에서 나오는 지혜는 계속 전달되기 때문입니다.{nl}오라클은 예지 능력을 사용하는 신관 클래스입니다. 적의 행동을 예측하거나 미래에 개입하여 적의 운명을 결정짓습니다.,c_cleric_oracle,False,False,2,1,[7],"[411001, 411007, 411012, 411008]","[41002, 41004, 41005, 41009, 41007, 41008, 41013, 41010, 41011]",오라클,2,40,20,40,80,20
4009,Char4_9,1,"기도와 제례를 완전히 배제하지는 않으나 그보다 신체 단련을 통한 수련으로 여신의 은총을 더해가는 특이한 성직자가 있습니다. 이 계통의 성직자는 몽크라 불리며, 강인한 신체적 능력에 덧입힌 특이한 여신의 권능으로 세계에 봉사하고 있습니다. 또한 교리가 특이해서 몽크는 여신이 원하는 일이 아니라 여신에게 필요하다고 판단하는 일을 합니다.  {nl}신체 단련을 통한 수련으로 여신의 은총을 더해가는 성직자입니다.",c_cleric_monk,False,False,2,1,[0],"[10027, 408001, 408003, 408005, 408012, 408008, 408007, 408013, 408009]","[40701, 40702, 40703, 40704, 40706, 40705, 40707, 40708]",몽크,2,50,70,0,0,80
4010,Char4_10,1,파드너가 같은 여신을 섬기는 다른 사제들과 다른 점은 그들이 모든 은사를 금전과 교환한다는 점입니다. 특히 마족의 저주가 아닌 여신의 징벌적 저주는 파드너에 의해서만 벗겨집니다. 역대의 파드너들이 그렇게 모은 돈으로 자신을 위한 축재를 하기도 하고 빈자를 위한 자선을 하기도 하는 등 다양한 사례가 있습니다. {nl}여신의 권능이 재물에도 있음을 부정하지 않는 성직자입니다.,c_cleric_pardoner,False,False,2,1,[4],"[409003, 409001, 409010, 409011, 409008, 409005]","[40801, 40802, 40803, 40804, 40808, 40809, 40805]",파드너,2,40,15,50,80,15
4011,Char4_11,1,"팔라딘의 성격을 규정하자면, 정의를 위해 싸우는 신념과 여신에 대한 신앙, 그 신앙을 벗어나지 않는 범위내에서 왕국에 대한 충성심을 가진 성직자입니다. 또한 초대 팔라딘이 세운 테넷 성당이 팔라딘에게는 상징적인 장소이며 맹약으로 수호하는 장소이기도 합니다. {nl}강력한 전투력을 발휘하는 팔라딘은 성스러운 힘으로 주변의 동료들을 보호하거나 마신을 숭배하던 적을 개종시켜 여신을 위해 싸우게 합니다.",c_cleric_paladin,False,False,0,1,[5],"[10026, 407019, 407020, 407021, 407011, 407022, 407017, 407018, 407016]","[40610, 40602, 40603, 40607, 40608, 40609, 40606]",팔라딘,2,110,20,20,20,30
4012,Char4_12,1,"채플린은 신심을 지닌 채 전장에 서는 장병을 위해 종신토록 사제로 남기로 서원한 성직자입니다. 따라서 예비역이어도 한번 채플린은 영원한 채플린입니다. 채플린은 피치 못할 살생을 하는 군인의 마음을 치유하며, 그들이 군인으로서 사명에 충실하도록 훈도합니다. 무엇보다 실제 전투에서 그들에게 도움이 될 수 있도록 신의 권능을 사용합니다. {nl}채플린은 전투에 참가한 동료에게 신성한 힘을 축복하는 군종 클래스입니다. 높은 수준에 다다른 상급 프리스트만이 채플린의 역할을 수행할 수 있습니다.",c_cleric_chaplain,True,True,2,1,[7],"[414008, 414001, 414007, 414009, 414010]","[41301, 41304, 41305, 41302, 41306, 41307]",채플린,2,30,40,30,60,40
4013,Char4_13,1,양치기,c_cleric_paladin,False,False,,1,,,,양치기,200,6,3,4,7,5
4014,Char4_14,1,플레이그 닥터와 다른 사제치료자의 차이는 전적으로 여신의 은총에만 의지하지 않는다는 점입니다. 플레이그 닥터는 과학과 연구의 성과를 병용하여 치료합니다. 물론 여신에게 의존해도 어떠한 질병도 치료할 수 있기에 플레이그 닥터는 크게 조명받지 못했습니다. 그러나 신수의 날이 닥치고 여신의 부재가 길어져 이들의 존재가치는 격상되었습니다. {nl}플레이그닥터는 동료의 상태 이상을 치료하거나 적의 상태 이상을 소각시키는 성직자계 클래스입니다. 특수한 약품이 발라진 새부리 가면을 쓰는 것으로 주요 상태 이상을 막아낼 수 있습니다.,c_cleric_plaguedoctor,False,False,2,1,"[0, 7]","[412002, 412013, 412015, 412006, 412017, 412009, 412014]","[41101, 41102, 41104, 41110, 41106, 41107, 41105, 41109]",플레이그닥터,2,40,15,60,70,15
4015,Char4_15,1,"카발리스트는 우주의 섭리를 통해 모든 진실을 파악할 가능성을 지닌 클래스입니다. 실제로 신수의 날을 예언하고, 라이마의 천도 예언을 복원해내는데 성공하기도 했습니다. 그러나 이러한 결과물을 설명하기는 어렵기에 대중은 대개 이들의 말을 믿지않거나 이해하려 들지 않기에 실질적인 도움이 되지는 않았습니다. {nl}카발리스트는 고대의 카발라 마법을 사용하는 성직자입니다. 무한의 힘으로 동료를 보조하거나 수비술로 적의 이름을 파자하여 전투에 응용할 수 있습니다.",c_cleric_kabbalist,False,False,2,1,[7],"[413021, 413022, 413014, 413002, 413025, 413018, 413008, 413011, 413003, 413020, 413024]","[41201, 41203, 41204, 41205, 41209, 41206, 41202, 41210, 41211]",카발리스트,2,30,15,30,110,15
4016,Char4_16,1,"인퀴지터는 여신이 실재하는 시기가 오래 지속되어 모든 교단을 관할하는 종규가 쓸모없어진 시대에도 신앙의 전통을 지킨 집단이었다. 또한 여신의 가르침을 가장 적합한 언어로 기록, 감리하는 일 역시 이들의 권한이었다. 그러나 여신께서 사라지신 후 그간 그들이 결정할 필요 없었던 일이 그들 아니면 결정될 수 없는 상태에 처한 클래스가 되었다.  {nl}인퀴지터는 여신들께 불경한 적들을 심판하는 사제 클래스입니다. 강력한 전투 기술을 갖고 있으며 특히 마법 사용자와의 전투에 강합니다.",c_cleric_inquisitor,False,False,2,1,[0],"[415001, 415009, 415010, 415012, 415006, 415008, 415013, 415020, 415011, 415014, 415018, 415015, 415016, 415019, 415017]","[41407, 41404, 41406, 41408, 41401, 41409, 41410]",인퀴지터,2,60,40,0,0,100
4018,Char4_18,1,"{/}{/}{#7AE4FF}{ol}[2번째 전직부터 선택 가능]{/}{/}{nl}무녀는 음양사보다 훨씬 이른 시기에 왕실의 묵인하에 여신 숭배의 일각을 담당하였으나, 민간과 거리가 먼 점은 음양사와 비슷합니다. 음양사가 왕실과 우호적인 관계를 유지한 채 독립한 것과 달리 무녀는 근자에 이르러 동일한 과정을 시작합니다. 이 과정에는 카오닐라 공주에 관한 사건이 있었으나 왕실의 일이라 외부에는 잘 알려지지 않았습니다.  {nl}무녀는 신탁을 받고 여신들을 섬기는 클래스 입니다. 신성 공격을 통해 적에게 피해를 주거나, 동료들이 전투에서 효과적인 힘을 발휘할 수 있도록 흥을 북돋아 줍니다.",c_cleric_miko,True,True,1,1,[7],"[417001, 417002, 417004, 417008]","[41601, 41603, 41604, 41602, 41606, 41605]",무녀,2,50,0,50,80,20
4019,Char4_19,1,질럿 교단은 여신을 잃은 성직자의 일부가 강경노선을 선택함으로써 창시되었습니다. 그들이 여신을 되찾고자 하는 방법이 극단적이기에 일반인이나 타교단과 마찰이 심합니다. 아무튼 이들은 강한 신앙심을 표방하고 여신을 되찾기 위해 어떤 일이든 감당할 수 있는 성직자가 되는 방향으로 그들의 교리를 세우고 실천하여 왔습니다.{nl}질럿은 근접 물리 공격에 유리한 버프를 다수 보유하여 자신을 강화하는데 특화된 클래스입니다.{nl}베라 연안에 있는 칸카 보초를 지나 마지막 방에 숨겨져 있는 비석을 찾으세요.,c_cleric_zealot,True,False,2,1,[0],"[418001, 418004, 418002, 418009, 418003, 418006, 418008, 418007, 418010, 418011]","[41701, 41702, 41703, 41704, 41705, 41706, 41707]",질럿,2,50,80,0,0,70
4020,Char4_20,1,"최초의 엑소시스트는 로멜 2세의 재위기에 공인되었다. 그 이전까지 성직자에 의한 구마 행위가 없지 않았으나, 로멜 2세 이후 구마 행위 혹은 의식을 하려는 자는 반드시 공인된 엑소시스트로 인정을 받은 자만이 가능하게 되었으며, 비록 신실한 성직자일지라도 설령 직위가 아무리 높더라도 엑소시스트가 아니면 구마를 행하는 일은 금지되었다.{nl}엑소시스트는 구마계 마법을 다루는 클래스입니다. 신성 속성을 가진 마법으로 적들을 처단합니다.{nl}페디미안에 있는 엑소시스트를 만나세요.",c_cleric_exorcist,True,False,2,1,[0],"[419001, 419002, 419003, 419004, 419006, 419008, 419009, 419010, 419013, 419014, 419015]","[41801, 41802, 41803, 41804, 41805, 41806, 41807]",엑소시스트,2,40,0,120,40,0
5001,Char5_1,1,"스카우트의 시작은 멜키엘 시대로서, 당시 미확정된 국경 각지에서 싸우던 왕국군이 정보부족으로 고전하자, 국왕은 정찰병의 필요성을 느껴 스카우트를 양성하였습니다. 국경확정 후 이들에게 몬스터에 관한 임무가 부여되었으며, 건국력 801년 최초로 이세계에 탐험이 부분 성공했을 때 탐사원 중 스카우터 마스터가 있어 큰 활약을 했습니다.{nl}스카우트 계열은 매우 공격적인 스킬을 보유하고 높은 회피와 치명타 발생, 공격 속도를 바탕으로 강력한 공격력을 자랑하지만 SP가 빠르게 소모되기 때문에 주의해야 합니다.",c_scout_scout,False,False,0,2,[0],"[501001, 501002, 501003, 501004, 501005]","[50001, 50002, 50003, 50004, 50005]",스카우트,1,40,90,0,0,70
5002,Char5_2,1,어쌔신은 다른 대륙에서 넘어온 클래스이며 왕국의 공식 인정을 받은 바도 없습니다. 그러나 그 무시무시한 명성으로 그들의 수장은 마스터로 불리며 아무도 이것을 대놓고 부인하지 않습니다. 따지고 보면 왕국의 다른 클래스와 달리 어쌔신은 가장 넓은 지역과 문화권에서 그 명성을 떨치고 있다고 할 수 있습니다.{nl}어쌔신은 환초를 사용하여 자신 혹은 적에게 특수 효과를 부여하여 전투하는 단검 클래스입니다.,c_scout_assassin,False,False,0,2,[0],"[502001, 502002, 502003, 502004, 502005, 502006, 502007, 502008, 502009, 502010, 502011, 502012, 502013, 502014, 502015, 502016, 502017]","[50101, 50102, 50103, 50104, 50105, 50106]",어쌔신,2,35,110,0,0,55
5003,Char5_3,1,"아웃로는 왕국의 암흑가와 어둠의 세계를 지배하는 자들입니다. 왕국 조정이 이들을 인정할 일은 절대 없겠지만, 왕국민들이 이들의 존재와 아웃러의 수장인 마스터의 지위를 인정하지 않을 리도 절대 없습니다. 아웃러의 비밀스러운 영향력은 왕국의 곳곳은 물론 다른 대륙에도 손길이 닿아 있다는 소문이 있습니다.{nl}아웃로는 무기 종류에 크게 영향받지 않으며 치사해 보이지만 효율적인 막싸움을 구사하는 스트리터 파이터형 클래스입니다.",c_scout_outlaw,False,False,0,2,[0],"[503001, 503002, 503003, 503005, 503006, 503007, 503008, 503009, 503010, 503011, 503012, 503013, 503014, 503015, 503016, 503017]","[50201, 50202, 50203, 50204, 50205, 50206, 50207]",아웃로,2,40,70,0,0,90
5004,Char5_4,1,왕국의 귀족법이 확립되어 세월이 흐르자 많은 귀족이 평민화되었습니다. 이들 중 일부는 작위를 물려주지 못하는 자녀에게 스콰이어의 역할을 맡겨서 이 클래스가 생겼으나 다시 세월이 흘러 독립된 직종으로 변화하였고 성격도 많이 달라졌습니다. 그러나 여전히 몰락한 귀족이 주로 하는 일이란 인상은 사라지지 않고 있습니다.{nl}스콰이어는 동료를 보조하는 클래스입니다. 동료의 장비를 손질하여 성능을 향상시키거나 거점을 설치해 동료들의 활동을 도와줍니다.,c_warrior_squire,False,False,2,2,"[7, 4, 9]","[108004, 108005, 108006, 108007, 108010]","[50302, 50301, 50306, 50303, 50304, 50305]",스콰이어,2,60,70,0,0,70
5005,Char5_5,1,"로멜 국왕 당시 사략선을 운용하면서, 증표를 하사하였습니다. 사략선의 성격상 반만 공식적이었으나, 현재는 쟁탈자의 마스터 지위를 왕국도 인정합니다. 그렇다고 처벌이 면제되지 않으나, 다만 해군 못지 않은 무장을 할 권리를 인정받고, 명확한 증거없이 처벌이 어려우며 해상에서는 증거를 없애기 쉽기 때문에 해적에게 증표는 큰 도움이 됩니다.  {nl}커세어는 자신의 파티를 해적단으로 조직하여 독특한 전술을 사용합니다. 적의 아이템을 약탈하거나 보물상자의 획득, 콤보시스템의 사용이 가능합니다.",c_warrior_corsair,False,False,2,2,"[0, 9]","[10015, 109013, 109001, 109005, 109006, 109009, 109011, 109012]","[50405, 50404, 50406, 50409, 50401, 50402, 50403, 50407, 50408]",커세어,2,40,75,0,0,85
5006,Char5_6,1,{/}{/}{#7AE4FF}{ol}[2번째 전직부터 선택 가능]{/}{/}{nl}첩보와 잠입 전문가들은 어느 시대 어느 곳에나 존재합니다. 시노비는 1차 왕위계승전쟁에 활약하여 왕실의 인정을 받은 뒤 이후 왕실의 숨은 그림자로 활약한 집단입니다. 현재도 이들은 왕실을 보위하는 일이 제1의 사명입니다.{nl}시노비는 인법을 사용한 특수한 전법을 펼치는 클래스입니다. 길고 힘든 수련을 거친 소수의 사람만이 시노비가 될 수 있습니다.,c_warrior_shinobi,True,True,1,2,[0],"[10018, 113009, 113003, 113006, 113002, 113001, 113011]","[50505, 50503, 50504, 50502, 50501, 50506]",시노비,2,35,90,0,0,75
5007,Char5_7,1,쏘마터지는 다른 마법사들과 달리 마법을 배우는 것이 아니라 마법을 깨닫는 과정을 통해 발전합니다. 다른 마법계통과 다른 이런 특성 차이 때문에 어린 나이에 발현되는 천부적인 재능이 중요하게 여겨집니다. {nl}쏘마터지는 대상의 속성과 형태를 변화시키는 마법을 구사합니다. 적을 작게 변형시키거나 동료의 신체를 강화시켜 전투에 도움을 줍니다.,c_wizard_thaumaturge,False,False,0,2,[7],"[206005, 206007, 206004, 206006, 206003, 206016]","[50605, 50601, 50602, 50603, 50606, 50604]",쏘마터지,2,70,65,0,0,65
5008,Char5_8,1,"인챈터의 역사는 상대적으로 짧습니다. 플러리의 제자인 제인은 마법학에는 조예가 깊었지만, 마법은 쓰지 못해 직접제자를 남기지 못했어도, 그녀가 남긴 연구가 이어져 인챈터가 창안되었습니다. 제인의 필생의 꿈인 마법치에게 마법능력을 부여하는 일은 지금도 어려운 일이나, 아무튼 인챈터라는 마법의 새로운 흐름을 이어지고 있습니다. {nl}인챈터 클래스는 자신이 가진 마법을 소모성 아이템으로 만들거나 장비 아이템에 직접 효과를 부여해 동료를 돕습니다.",c_wizard_enchanter,False,False,2,2,"[7, 4]","[215001, 215007, 215008, 215010]","[50801, 50802, 50803, 50807, 50804, 50805, 50806]",인챈터,2,55,100,0,0,45
5009,Char5_9,1,"링커는 전혀 다른 사물의 연계성을 찾아낸 후, 그것을 자신이 원하는 타겟의 종착지로 만드는 능력을 가진 사람입니다. 이 마법에는 서로 다른 대상간의 연결점을 찾아내는 상상력과 그 상상력을 실현하는 마력이 동시에 작용합니다. {nl}링커는 동료를 서로 연결하여 받는 피해량을 줄이거나, 적군을 묶어서 적에게 주는 피해량을 증폭시킬 수 있습니다.",c_wizard_linker,False,False,1,2,[7],"[205001, 205016, 205007, 205008, 205009, 205015]","[50701, 50702, 50703, 50704, 50708, 50705]",링커,2,50,80,0,0,70
5010,Char5_10,1,"로그는 왕국의 역사에서 몇 번 범죄자로 단속되다가 영웅들의 모험에 동행하여 공적을 세워 인정받기를 반복하였습니다. 약 300년전 네켈1세 시대에 세운 공적으로 살인 등의 중죄가 아니면 다시는 왕국 법률로 쫓기는 일은 없게 되었습니다. {nl}로그는 승리를 위해서는 무엇이든 하는 전투의 프로입니다. 쇠뇌와 단검을 사용하여 적 뒤에서의 기습, 은신한 상태에서의 활 공격 등 기습전투에 강한 클래스입니다.",c_archer_rogue,False,False,2,2,[0],"[10015, 308005, 308010, 308009, 308004, 308007, 308012, 308013]","[50902, 50905, 50906, 50904, 50901, 50903, 50907]",로그,2,50,90,0,0,60
5011,Char5_11,1,"슈바르츠라이터는 왕국군의 주요 병과로 소셀2세 시대 이후 존재하였으며, 용병으로서의 역사는 그 보다 짧습니다. 천년제 이후로는 많은 제대자가 용병으로 활약해 그 수가 많이 늘어나다가 50년 전부터는 정예화를 이루면서 오히려 용병 슈바르츠라이터의 수는 줄어들었습니다.{nl}슈바르츠라이터는 빠른 기동력을 가진 기병 클래스입니다. 권총을 사용한 다채로운 이동 사격기술을 주 특기로 합니다.",c_archer_schwarzereiter,False,False,2,2,[2],"[311005, 311006, 311013, 311001, 311002, 311003, 311011, 311004, 311007, 311012]","[51001, 51002, 51003, 51004, 51005, 51006]",슈바르츠라이터,2,25,95,0,0,80
5012,Char5_12,1,불릿마커는 우리 시대에 처음으로 창설되고 인정받았습니다. 따라서 가장 최근에 형성된 클래스이며 해당 마스터인 윈터우드는 초대 마스터이기도 합니다. 이 직업이 후세에도 계속 명맥을 이어갈지는 현재 불릿마커로 활동하는 사람들에게 달려있습니다.{nl}불릿마커는 각종 속성이나 효과를 가지는 탄을 사용하는 클래스 입니다.{nl}의뢰소장 로타와 여러 번 대화 후 그린가의 장원으로 가 불릿 마커 마스터를 만나세요.,c_archer_bulletmarker,True,False,0,2,[0],"[311006, 317001, 317002, 317003, 317004, 317008, 317012, 317005, 317009, 317010, 317006, 317015, 317007, 317014, 317011]","[51105, 51101, 51102, 51103, 51104, 51106, 51107, 51108, 51109, 51110, 51111, 51112]",불릿 마커,2,15,110,0,0,75
9001,Char4_99,1,GM입니다,c_cleric_cleric,False,False,,1,,,"[2111, 2112, 2113, 2114, 2115]",GM,99,6,3,4,7,5
