$ID,$ID_NAME,CircleMax,Description,Icon,IsHidden,IsSecret,IsStarter,JobDifficulty,JobTree,JobType,Link_Attributes,Link_Skills,Name,Rank,StatBase_CON,StatBase_DEX,StatBase_INT,StatBase_SPR,StatBase_STR,Stat_CON,Stat_DEX,Stat_INT,Stat_SPR,Stat_STR
1001,Char1_1,1,超過千年的歲月中，劍士是王國軍基本的軍種，也是冒險家們最初的選擇。許多戰士從劍士起步，{nl}在王國歷史上留下的英雄事蹟難以勝數。{nl}即使面對年年進步的武器與戰術以及魔法的發達，劍士的可靠感仍舊不遜色。劍士系列在所有系列中擁有最高的HP與防禦力，為此，即使身處敵陣，也能穩定地進行戰鬥。,c_warrior_swordsman,False,False,True,0,3,[0],"[101020, 10028, 10031]","[10001, 10002, 10003, 10009, 10005, 10010]",劍士,1,7,6,2,3,7,75,50,0,0,75
1002,Char1_2,1,自從在札卡里耶爾大王的開國戰爭中活躍以後，高地戰士就扮演了守護王國與大都市等主要設施及地區的貴族正規軍角色。目前也是王國軍的特殊軍種之一，因此在神樹之日時，亦是廢都中損傷最重的軍種。{nl}高地戰士是使用雙手劍的強硬劍士。因為利用敵人可以摔撞其他敵人或地形物，對付多數的敵人相當有利。,c_warrior_highlander,False,False,False,0,3,[0],"[103017, 103029]","[10201, 10202, 10203, 10208, 10204, 10207, 10205]",高地戰士,2,7,6,2,3,7,25,80,0,0,95
1003,Char1_3,1,在王國的歷史中，輕裝步兵是一支僅聽命於國王的團隊，他們獲取等同於傭兵身分的報酬。他們非正規王國軍，也非傭兵的特徵延續至今，在必須真正扮演傭兵角色時，他們遵守著不同於一般傭兵的特殊規定。{nl}輕裝步兵是可使用盾牌抵擋敵人攻擊，並挑撥引誘敵人的防禦型劍士。,c_warrior_peltasta,False,False,False,2,3,[5],"[102014, 102016, 102028]","[10102, 10103, 10105, 10106, 10101, 10110, 10104]",輕裝步兵,2,7,6,2,3,7,150,20,0,0,30
1004,Char1_4,1,重裝步兵初次組成是在王國軍第一次向外招募健將時。重裝步兵使用規定的武器，遵從紀律，在王國軍中服役一定期間後，就能過上自由的生活。從一般士兵到將軍，有各式的階級。以大師為例，是在退役者中選出，會忽略在服役時的階級，且不賦予另外的階級。{nl}使用長槍的重裝步兵射程距離較長，面對中型以上又大又強的敵人時，會獲得紅利。,c_warrior_hoplite,False,False,False,0,3,[0],[104034],"[10302, 10304, 10308, 10306, 10307, 10303, 10301]",重裝步兵,2,7,6,2,3,7,70,50,0,0,80
1005,Char1_5,1,百夫長是使用陣形指揮戰鬥的職業。會根據狀況使用各種陣形指揮同伴們。,c_warrior_centurion,False,False,False,1,3,[9],,"[10901, 10902, 10903, 10904, 10905, 10906, 10907, 10908, 10910]",百夫長,200,7,6,2,3,7,1,1,1,1,1
1006,Char1_6,1,野蠻人雖是隸屬其他大陸的戰士，但在很久以前，其隸屬於受到王國認可的社會。野蠻人發展他們特有的劍術，而且不吝將劍術傳授給王國的人們。在野蠻人的社會中口頭流傳著，他們的祖先是在很久以前從王國的土地遷移到另一塊大陸定居的。{nl}為了勝利不拘泥形式什麼都肯做的野蠻人是魯莽又好戰的劍士。,c_warrior_barbarian,False,False,False,0,3,[0],[105026],"[10401, 10404, 10411, 10405, 10410, 10406, 10408]",野蠻人,2,7,6,2,3,7,40,80,0,0,80
1007,Char1_7,1,無論坐騎為何，騎兵是十分難培養的軍種，因此在王國軍中受到特殊的待遇，身兼現役軍人的大師也是這種待遇的其中一人。從小接觸坐騎的騎乘名家主要都出身貴族或上流階層，因此就算不是大師，鐵甲騎兵也是高級軍官，甚至就算不是軍人，也會被如此認為。{nl}專門使用兩手槍的鐵甲騎兵是突破敵人防禦線並給予粉碎的騎兵職業。,c_warrior_cataphract,False,False,False,2,3,[0],"[107019, 104034]","[10601, 10602, 10604, 10608, 10605, 10603, 10606]",鐵甲騎兵,2,7,6,2,3,7,50,40,0,0,110
1009,Char1_9,1,雙酬傭兵的歷史悠久。然而與過去不同的是，現今不是刀刃誓約團員的雙酬傭兵不多，不是傭兵的人又更罕見了。{nl}雙酬傭兵是為了更多的獎勵，而接受高風險的傭兵職業。雖然讓自己暴露在危險，但能提高攻擊力和獲得更多的經驗值。,c_warrior_doppelsoeldner,False,False,False,0,3,[0],[111018],"[11004, 11001, 11010, 11006, 11008, 11007, 11009, 11003, 11005]",雙酬傭兵,2,7,6,2,3,7,40,70,0,0,90
1010,Char1_10,1,使用盾牌與劍的陣法，是包含在軍隊基本訓練的課程。受過訓練的劍盾兵雖不會輕易倒下，但陣型潰散時，會受到很大的損傷。圓盾劍士就是王國軍為了防止這種損傷，並形成精神上的紐帶關係，組成的另一類軍種。{nl}圓盾劍士是奇襲敵人並使其瓦解的戰鬥專門家。使用盾牌的防禦技術能有效抵擋遠距離攻擊。,c_warrior_rodelero,False,False,False,2,3,[0],,"[10501, 10502, 10503, 10504, 10507, 10505, 10508, 10506]",圓盾劍士,2,7,6,2,3,7,90,40,0,0,70
1012,Char1_12,1,角鬥士雖不是公開的職業，但也不代表就是被貶低的職業。最初的劍鬥士競技在900年前的梅基耶爾國王時期舉行，角鬥士就是從那時候起流傳至今的職業。{nl}角鬥士是調和攻擊和防禦之平衡的劍鬥士職業，戴著御印型頭盔，阻擋遠距離攻擊或是提升使用盾牌技能的效果。,c_warrior_murmillo,False,False,False,1,3,"[0, 5]",,"[11301, 11302, 11303, 11304, 11309, 11307, 11308, 11310]",角鬥士,2,7,6,2,3,7,80,40,0,0,80
1014,Char1_14,1,王位繼承紛爭歷經三輪，入宮時貴族可佩帶的武器加強了限制。 擊劍手在這種狀況下提供了貴族門第武藝發展的方向，繼承戰爭當時，河頓家因劍術高強，從低階貴族變成高階貴族，影響力很大。而在今日，其他家門與擊劍手劍術的模範，只是將其根基延續。{nl}擊劍手是使用細劍快速施展連續攻擊的職業。,c_warrior_fencer,False,False,False,0,3,[0],[112011],"[11103, 11105, 11107, 11101, 11106, 11108, 11110, 11111]",擊劍手,2,7,6,2,3,7,30,110,0,0,60
1015,Char1_15,1,龍騎士在希米爾家門從夏班史達退出時第一次出現。不屬於希米爾家門的龍騎士也都是在希米爾家門學習技術，或與其有所關聯。就算無直接關聯的龍騎士，追溯起來，其師父、父親或祖父等的確都是在希米爾家門中學習的人。{nl}龍騎士﻿是善於使用長矛戰鬥的精銳戰士。特別是在使用雙手矛的時候會獲得紅利。,c_warrior_dragoon,False,False,False,2,3,[0],[104034],"[11401, 11402, 11403, 11404, 11405, 11408, 11409, 11407]",龍騎士,2,7,6,2,3,7,60,40,0,0,100
1016,Char1_16,1,聖殿騎士在利耶爾國王時代從聖職中分離出來，比起神殿與寺院，更優先遵從王命。之後在第2次王位繼承戰中支持克利黑爾國王，為其登基立下功勞。由於這段歷史，雖然有幾項但書，但聖殿騎士不同於其他王國軍，在發生人類戰爭時，會成為被委任最強權限的軍人。,c_warrior_templar,False,False,False,0,3,[7],[117008],"[11506, 11510, 11508, 11509, 11511, 11512, 11505, 11513]",聖殿騎士,2,7,6,2,3,7,65,70,0,0,65
1017,Char1_17,1,槍騎兵主要是貴族出身，也是王國軍的主力。神樹之日時，不少槍騎兵因駐紮於王宮周圍而受到極大折損。目前槍騎兵的數量在所有軍種中可說是最少的。{nl}槍騎兵是使用強力的成人戰技術的騎兵職業，具有可以輕易攻破敵人的魔法陣或是隊伍組成的特性。,c_warrior_lancer,False,False,False,2,3,[2],[116001],"[11601, 11603, 11604, 11605, 11606, 11607, 11608, 11609]",槍騎兵,2,7,6,2,3,7,55,45,0,0,100
1018,Char1_19,1,最初的鬥牛士技術是綜合格鬥藝術，包含了實戰必需的事項以及帶給觀眾的娛樂感。然後經過了300年的時間，鬥牛士的技術果然也隨著時間而產生了變化。其中選出最特別的變化就是鬥牛士的技術不止可以對付魔獸，在一對一的戰鬥中也很強大。{nl}鬥牛士是可猛烈挑釁敵人並展現矯捷身手的職業，擅長瞬間施展連攻帶跑的戰術。,c_warrior_matador,True,False,False,2,3,[6],"[118010, 118011]","[11701, 11702, 11703, 11704, 11705, 11706, 11707]",鬥牛士,2,7,6,2,3,7,60,50,0,0,90
1019,Char1_20,1,{#7AE4FF}[第2次轉職開始可選擇]{/}{nl}泰拳的出現是最近發生的事。因新徒手格鬥家的出現而大受歡迎的鬥技場，在後續不幸事件發生的同時，也造成了王國首都鬥技場的關閉。儘管如此，所有的泰拳鬥技場在受到神樹之日影響而關門之前，並沒有衰退的跡象，且泰拳大師被推測總有一天也會延續到下一代。{nl}泰拳是使用古泰拳技術的近戰物理攻擊職業，特徵為效果會受力量的影響而上升，或產生追加效果。,c_warrior_nakmuay,True,True,False,0,3,[0],,"[11801, 11802, 11803, 11804, 11805, 11806]",泰拳,2,7,6,2,3,7,40,100,0,0,60
1020,Char1_18,1,網鬥士的歷史文明在王國劍鬥歷史中次於角鬥士。發生於最初的劍鬥競賽舉辦之後約100年，長時間以主要角色活躍於鬥技場上。角鬥士的頭盔等服裝變化型態，其實也與網鬥士的出現有關，彼此為互補關係。{nl}網鬥士是使用手拋網與單手槍、短劍等武器戰鬥的劍鬥士職業，擅長使用手拋網綑住對方，讓對方卸下裝備，有著讓對方喪失戰鬥能力的本領。,c_warrior_retiarii,True,False,False,0,3,[0],,"[11901, 11902, 11903, 11904, 11905, 11906, 11908]",網鬥士,2,7,6,2,3,7,50,60,0,0,90
1021,Char1_21,1,刀騎兵因歷史悠久的王國法，無法阻成百人以上的團體，是以小隊形式或個別行動的傭兵。此規則最初是刀騎兵從王國軍騎兵軍種分離出來時被制定，由於目前尚未修訂，因此與其他傭兵軍種經常發生公平性的問題。{nl}刀騎兵是高機動性的職業，使用多樣的連續技攻擊敵人。,c_archer_hackapell,False,False,False,1,3,[2],[314006],"[12001, 12005, 12004, 12008, 12002, 12006, 12007]",刀騎兵,2,7,6,2,3,7,45,80,0,0,75
1022,Char1_22,1,梅花俠客是其它大陸本土長期發展的劍士之一，梅花俠客在追求劍術的同時也追求著美麗，追求美麗時，對劍術的研究也沒有絲毫鬆懈，因此有了現在兼備高超劍術和華麗的引人注目的個性。{nl}梅花俠客是一個機動性高，使用劍的攻擊型職業。,c_warrior_blossomblader,False,False,False,2,3,[0],,"[12101, 12102, 12106, 12103, 12104, 12105]",梅花俠客,2,7,6,2,3,7,35,55,0,0,110
2001,Char2_1,1,法師是王國所有魔法師的基礎職業。甚至亞佳伊拉弗羅里在{nl}兼任魔法大師的時期，實際上也另外找了人來代理忙碌的自己處理新加入法師教導事務，可見此職業的重要與熱門。法師系列擁有許多有利於對付大量敵人的技能，可召喚怪物代為戰鬥，或使用輔助系魔法幫助我方。,c_wizard_wizard,False,False,True,2,4,[0],[10029],"[20001, 20002, 20004, 20005, 20007, 20008]",法師,1,3,3,9,8,2,40,0,80,80,0
2002,Char2_2,1,烈焰法師雖然是魔法師，但與火之女神加比婭有著密切的關聯，歷代都被認可為神聖魔力法師。魔法與神共存的情況在王國之外很尋常，但考慮到在王國內部不常見，無關學術上或實質的內容，以文化性來說，明明在王國內部遍地開花，烈焰法師卻還是帶著異國的氣息。{nl}掌管火的烈焰法師可使用強力的火焰持續魔法，鎮壓許多敵人。,c_wizard_pyromancer,False,False,False,2,4,[0],[202019],"[20101, 20102, 20103, 20107, 20105, 20106, 20109]",烈焰法師,2,3,3,9,8,2,50,0,90,60,0
2003,Char2_3,1,大部分的魔法師會涉及各種領域，但也有魔法師只堅持鑽研寒冰法師。他們認為自己將王國魔法的傳統保存得最好。{nl}操縱寒冰的寒冰法師能夠用強力的魔法凍結敵人或是用冰壁困住敵人輔助同伴。,c_wizard_cryomancer,False,False,False,2,4,[0],"[203013, 203017, 203019]","[20201, 20202, 20203, 20204, 20205, 20207, 20208]",寒冰法師,2,3,3,9,8,2,70,0,70,60,0
2004,Char2_4,1,念力法師嚴格來說並使用不是魔法，而是施展先天性超能力之人。到了最近的奧文狄班，才開啟了沒有先天性才能的人也能成為念力法師的途徑。不過，對無法熟悉魔法的麻瓜來說，是不能成為念力法師的。因此，身為弗羅里弟子的珍，他的夢想還很遙遠。{nl}念力法師可以使用念動力操作重力，可以吸引或是拋投敵人。,c_wizard_psychokino,False,False,False,2,4,"[0, 7]",,"[20301, 20303, 20305, 20308, 20306, 20307]",念力法師,2,3,3,9,8,2,55,0,95,50,0
2005,Char2_5,1,王國最初的鍊金術士為溫特史普恩家門的初代家主，直到現在，溫特史普恩家門仍是煉金術界的宗祖，亦是主導勢力。煉金術士的原則也是從溫特史普恩家門中制定而成，廣泛傳播。{nl}鍊金術士可以使用鍊金術強化寶石或是進行道具的合成或製作。,c_wizard_alchemist,False,False,False,2,4,[4],,"[21001, 21002, 21007, 21005, 21008, 21006, 21003, 21009, 21010]",鍊金術士,2,3,3,9,8,2,55,0,65,80,0
2006,Char2_6,1,巫師會捕捉魔族投影在世界的靈魂與魔性的殘骸，將其強化後，以近似實體的模樣呈現在世界上，這相當於為魔法學的驚人成果。歷來許多巫師老了之後，偶爾會發生被操縱的魔族透明體傷害的情況，因此巫師們會比較留意自身的健康與體力的維持。{nl}巫師是召喚惡魔的魔法師。操縱或是騎乘被召喚的惡魔對抗敵人。,c_wizard_sorcerer,False,False,False,1,4,"[3, 0]",[208003],"[20701, 20706, 20707, 20708, 20703, 20704, 20710, 20709]",巫師,2,3,3,9,8,2,20,0,70,110,0
2008,Char2_8,1,時空法師是亞佳伊拉弗羅里創建的魔法學領域，她身死後，大師的位置一直空缺，魯希德 萬托斯芬回溯了時間，整理他留下的傳承與遺物，延續了這一脈。以目前的狀態來說，第3代大師似乎得經過幾個世紀才會出現。{nl}時空法師是操控時間的魔法師。可以加快或是停止時間幫助同伴，還可以讓時間回到之前的狀態。,c_wizard_chronomancer,False,False,False,2,4,[7],,"[20802, 20803, 20804, 20809, 20806, 20808, 20807]",時空法師,2,3,3,9,8,2,55,0,70,75,0
2009,Char2_9,1,亞佳伊拉弗羅里兼任大師以來，少數一部分暗中使用人類肉身與靈魂的死靈法師盡數被消滅，並被確立為僅以怪物做為源泉之職業。{nl}死靈法師是使用操作屍體碎片的魔法的職業。可以用確實存放起來的屍體碎片攻擊敵人或是打造召喚物。,c_wizard_necromancer,False,False,False,2,4,"[3, 0]","[210016, 210005]","[20901, 20902, 20904, 20909, 20906, 20908, 20903, 20911, 20912]",死靈法師,2,3,3,9,8,2,30,0,60,110,0
2011,Char2_11,1,元素使以女神的權能調節萬物根源物質，致力於使其運用於世界。重視為初次發現根源物質狀態，亦便於使用的4元素，並在追尋天界操控萬物的常理上，努力展現力量。{nl}元素使是掌管元素的魔法師。擁有強力的攻擊魔法，但是技能再次使用以前需要時間，因此和同伴的合作很重要。,c_wizard_elementalist,False,False,False,2,4,[0],"[207017, 207018, 207019, 207037]","[20601, 20603, 20609, 20610, 20611, 20602, 20605]",元素使,2,3,3,9,8,2,20,0,100,80,0
2012,Char2_12,1,模仿者,c_wizard_thaumaturge,False,False,False,,4,,,,模仿者,200,3,3,9,8,2,3,4,8,7,3
2014,Char2_14,1,賢者為讀書家們將老年時發現的魔力深化的魔法分派，個性上為學者或官職與魔法並行的人物，多數屬於後者。後者中的大多數，被推斷因為也有在王宮任職的經歷，在神樹長時間的影響下，所獲得的知性能發現魔力。{nl}賢者是透過知識了解世界的原理，讓空間可以被操作的魔法師職業，賢者通尚是使用操作次元的魔法，利用傳點可以移動到自己所知的地方。,c_wizard_sage,False,False,False,2,4,"[0, 7]",[216019],"[21401, 21403, 21404, 21405, 21408, 21409, 21410, 21411]",賢者,2,3,3,9,8,2,60,0,70,70,0
2015,Char2_15,1,一般人會誤會咒術師是使用惡魔的力量。然而咒術師也是為女神所庇護， 只是就像長大的子女不想依靠父母，咒術師認為自己不能給女神帶來負擔。以此種獨立之心與精神力來掌控魔力，容易讓人覺得負面，加上控制的目標還是暗黑之力，更難免讓人產生偏見。{nl}咒術師是使用惡靈之力的魔法師，打倒敵人後可召喚或操縱惡靈。,c_wizard_warlock,False,False,False,1,4,[0],[212019],"[21202, 21203, 21205, 21207, 21201, 21204, 21208]",咒術師,2,3,3,9,8,2,20,0,110,70,0
2016,Char2_16,1,王國將魔法與神學分離，將其專門化，但在王國外的社會中，這兩種被巧妙地結合在一起，這點妖術師也是一樣的。受神樹之日影響的社會中被派遣的咒術師，被王國寬容地認可為祭司或魔法大師，且王國允許他們能獲得其社會的所需之物。{nl}妖術師是使用咒術力量的魔法師。會吸收敵人的生命力或詛咒敵人，幫助同伴。,c_wizard_featherfoot,False,False,False,2,4,[0],"[213010, 213019]","[21101, 21102, 21103, 21104, 21105, 21106, 21107, 21109, 21108]",妖術師,2,3,3,9,8,2,60,0,70,70,0
2017,Char2_17,1,{#7AE4FF}[第2次轉職開始可選擇]{/}{nl}符文師甚少在夏奧雷伊或歐勒夏等地活動。然而千年祭以後，許多符文師在王國各處活躍，從而開始定居，目前大師也正在南下到了這裡。但即便如此，符文師的主流仍然位於王國北部。{nl}符文師是使用蘊含魔力的古代文字的魔法師。雖然引導出文字的力量需要時間，但其威力非常強大。,c_wizard_runecaster,True,True,False,2,4,[0],"[214001, 214013]","[21302, 21303, 21304, 21305, 21301, 21306]",符文師,2,3,3,9,8,2,55,0,85,60,0
2019,Char2_19,1,暗影師是巫師在將魔族投影實體化到現世的研究中得到靈感而開始的一個魔法領域，之後也會不斷地發展下去。最近正在研究的使用日月蝕影子的方法若成功，歷史上未有過先例的大規模廣域魔法便指日可待了。{nl}暗影師是魔法師職業，可利用影子對敵人進行猛烈的攻擊，或者透過隱形求生。,c_wizard_shadowmancer,True,False,False,2,4,[0],,"[21601, 21602, 21603, 21604, 21605, 21606, 21613]",暗影師,2,3,3,9,8,2,40,0,110,50,0
2020,Char2_20,1,陰陽師約在90年前由王國外部傳入，其參與千年祭的50年間侍奉著王室，並約於40年前結束了附庸於王室的關係。當然他們仍舊在王國內實行義務，但卻獲得了與其他聖職者或魔法師相同的獨立性。{nl}陰陽師是召喚式神靈，並使用有關陰陽五行魔法的職業，可有效率地面對眾多敵人。,c_wizard_onmyoji,True,False,False,1,4,[0],,"[21607, 21608, 21609, 21610, 21611, 21612, 21614]",陰陽師,2,3,3,9,8,2,40,0,95,65,0
2021,Char2_21,1,道士認為，人類的靜心修練能發現潛在的神性，越是反覆修練，就越能踏上更接近女神的聖化過程。道士的本鄉將其稱為教哲的教義，王國方面也給予認可，並承認道士為聖職者的其中一類。然而，在他們的本鄉中，聖職者與魔法師的區別並不明確。{nl}道士職業使用道術之力，利用符咒來攻擊敵人或是幫助同伴。,c_cleric_daoshi,False,False,False,1,4,"[0, 7]",[416029],"[21803, 21802, 21805, 21809, 21804, 21806, 21807, 21808]",道士,2,3,3,9,8,2,50,0,70,80,0
2022,Char2_22,1,邪靈祭司是站在個人與孤單命運之間的仲介者，他身懷著信條，因此邪靈祭司可以說是神官也是魔法師，約900年前在梅基耶爾時代當時，他是隸屬於王國的，並且會在完全同化於王國的部族社會中替人民祈願，現在國民們也早遺忘邪靈祭司本是異方信仰和擁有魔法的事實，至少王國對於他的認知是神官大過於魔法師。{nl}使用伏都術的邪靈祭司會讓死亡的屍體復活變成殭屍，或詛咒敵人在遠處折磨敵人。,c_cleric_bokor,False,False,False,1,4,"[3, 0]",,"[21701, 21702, 21704, 21705, 21706, 21707, 21708]",邪靈祭司,2,3,3,9,8,2,40,0,70,90,0
2023,Char2_23,1,大地法師操縱的石頭和泥土即使破碎也不會消失，而是會掉在地上後回歸自然。因此大地法師與泥土進行精神交流需要花費很多的時間，大地法師所追求的交流對象重點還是放在自然對象上面。{nl}大地法師是使用石頭、沙子等來進行魔法的地屬性攻擊型職業。,c_wizard_terramancer,False,False,False,1,4,[0],"[219017, 219018]","[21901, 21902, 21905, 21903, 21904, 21906]",大地法師,2,3,3,9,8,2,60,0,100,40,0
3001,Char3_1,1,弓箭手領域是由平民百姓與王國軍及夏班史達團員混合組成的。{nl}雖容易熟悉但卻是難以完美學習消化的職業，儘管如此在經過漫長的歲月後，支援者和學習的人數並沒有因此而減少。{nl}弓箭手系列可在基本攻擊中進行移動，因基本移動速度比其他職業系列還要快，因此可使用長射距離於安全的場所進行戰鬥。,c_archer_archer,False,False,True,1,0,[0],,"[30001, 30005, 30004, 30007, 30008, 30009]",弓箭手,1,4,8,2,3,8,50,75,0,0,75
3002,Char3_2,1,長久歷史以來以馴養野獸、狩獵野獸的方式自豪，最初以獵犬的方式開始，到近期開始活用各式各樣的怪物，獵人大師是必須要熟知狩獵時使用的武器及了解同行野獸的職業，因此他所需的專業度是相當高的。{nl}獵人同時也是可對寵物下達命令狩獵敵人的訓練師，他可命令寵物困咬目標物或尋找出隱藏的敵人等，可使用主人與寵物合作的狩獵技能。,c_archer_hunter,False,False,False,1,0,"[7, 8]","[10019, 10020, 305012]","[30401, 30403, 30406, 30404, 30408, 30409, 30407]",獵人,2,4,8,2,3,8,80,30,0,0,90
3003,Char3_3,1,弩箭手是適合老實勤奮者的職業，弓箭本是需要常練習的武器，而王國弩箭手的武器更是如此，因此歷代弩箭手都只有勤奮成功的人才能成就這個職業。{nl}使用盾牌和弩弓的弩箭手是會利用掩蔽物來進行戰略性戰鬥的職業，在防禦敵人展開遠距離攻擊的同時，會利用弩弓技術來消滅接近的敵人。,c_archer_quarrelshooter,False,False,False,2,0,[5],,"[30201, 30202, 30204, 30205, 30208, 30206, 30209]",弩箭手,2,4,8,2,3,8,100,50,0,0,50
3004,Char3_4,1,遊俠的起源可追朔到王國建國之前，在王國初期他們是山嶽警備隊，採取半獨立式的活動，之後才漸漸地加入到王國的體系內被同化，儘管經過千年的歲月流逝，他們仍未完全所屬於王國軍。{nl}遊俠是會使用弓箭進行遠距離快速射擊的職業，是能對抗多數敵人的特殊職業。,c_archer_ranger,False,False,False,1,0,[0],,"[30101, 30102, 30104, 30103, 30107, 30106]",遊俠,2,4,8,2,3,8,30,60,0,0,110
3005,Char3_5,1,雖然大家認為工兵應是發明火藥之後才出現的職業，但事實上他存在的歷史比火藥還要悠久，在發明火藥之前，王國軍中的工兵角色已是非常重要的了，除此之外退伍的人也對民間做出了不少的貢獻，現在他以建築師的面貌與知識為出發進行著軍事活動。{nl}工兵是能設置陷阱的弓手，引誘敵軍進入到自己的陷阱中以進行攻擊的職業。,c_archer_sapper,False,False,False,1,0,[1],[10018],"[30301, 30302, 30303, 30310, 30304, 30306, 30305, 30311, 30308]",工兵,2,4,8,2,3,8,90,40,0,0,70
3006,Char3_6,1,巫蠱師是居住在王國邊境，曾受到認可的少數民族武者，人們推測他們是在建國之前越過其他大陸而來定居的，他們同樣是在梅基耶爾國王時期被王國同化，而他們的技術也正式被人們認同。{nl}專門使用毒的巫蠱師會利用秘傳的方法製作各種蠱毒來攻擊敵人或蠱惑敵人。,c_archer_wugushi,False,False,False,2,0,[0],[306012],"[30501, 30504, 30507, 30508, 30505, 30506, 30509, 30510]",巫蠱師,2,4,8,2,3,8,50,50,0,0,100
3011,Char3_11,1,最早的造箭者出現於利迪亞夏班時期，他畢生輔助著利迪亞夏班，對利迪亞夏班留下的眾多傳說做出相當多的貢獻，也因此被受封爵位，此後透過製造弓箭與武器賺了不少的錢，在領地變大之後，不少的造箭者大師離開了家門。{nl}造箭者是會製造、使用特殊弓箭的職業，各式各樣的弓箭會依照敵人的種類與戰鬥的情況發揮強大的效果。,c_archer_fletcher,False,False,False,2,0,"[0, 4]","[309016, 309017]","[30801, 30802, 30803, 30804, 30806, 30805]",造箭者,2,4,8,2,3,8,35,65,0,0,100
3012,Char3_12,1,大概平民百姓都很羨慕吹笛人吧，雖然基本上他們是需要王國社會的，但大部份他們是希望無拘無束的，在這樣的心態下，他們是會感到害怕的，但在王國指定大師後，他們開始有了某種程度上的認知。{nl}吹笛人是會演奏笛子的職業，他們會吹笛控制敵人或賦予有害的效果，並給予我軍有利的效果， 也可直接演奏笛子。,c_archer_piedpiper,True,False,False,1,0,"[7, 5]",,"[31701, 31702, 31703, 31704, 31705, 31706, 31707, 31708]",吹笛手,2,4,8,2,3,8,60,70,0,0,70
3013,Char3_13,1,{/}{/}{#7AE4FF}[從第2次轉職開始可選擇]{/}{/}{nl}鑑定師大概是所有人的朋友吧，鑑定師因會與各種人進行交易，因此幾乎不會與別人發生衝突，鑑定師知道許多職業上物品與持有者的秘密，是能嚴謹保守秘密的人。{nl}鑑定師是可鑑定未鑑定道具的職業，在戰鬥中會評價我軍和敵人，營造出對我軍有利的情況。,c_archer_appraiser,True,True,False,2,0,"[7, 4]",,"[31501, 31503, 31505, 31504, 31506, 31502]",鑑定師,2,4,8,2,3,8,50,65,0,0,85
3014,Char3_14,1,基本上馴鷹者並非馴養老鷹，而是彼此培養默契，因他們認為情感交流是最優先的事情，因此他們必須要保有優良品行、忍耐及節制，除此之外還需有優秀的靈性知感與本能的知感，因此如長期沒有優秀的人才出現，就會由獵人大師兼任馴鷹者大師。{nl}馴鷹者是能操控老鷹的職業，如能馴服傲氣的老鷹，那麼牠將會成為你強而有力的同伴。,c_archer_falconer,False,False,False,1,0,[7],"[10019, 10020, 310021, 310015]","[31002, 31003, 31005, 31006, 31008, 31011, 31013, 31012]",馴鷹者,2,4,8,2,3,8,70,50,0,0,80
3015,Char3_15,1,重砲手在王國軍的集團戰中扮演著相當重要的角色，因此會從最高等級的貴族家族中選出大師，或是由王國賜姓給該大師，另外，自創設以來還沒有平民榮登大師的爵位，但重砲手包含大師，就算爵位再高，也仍必須遵循軍令及軍情，必須要視王國軍的階級為優先，受軍法的管束。{nl}重砲手是會使用強力大砲的弓手系列職業，雖使用大砲前後會有填裝的空檔及使用砲彈的煩絮缺點，但產生的強大火力及範圍仍是相當可觀的。,c_archer_cannoneer,False,False,False,1,0,[0],"[312001, 10018]","[31101, 31103, 31104, 31106, 31105, 31107, 31108]",重砲手,2,4,8,2,3,8,60,20,0,0,120
3016,Char3_16,1,火槍手的歷史還不到400年，但已是王國軍的主要兵科了，在傭兵與平民的狩獵、冒險家等多領域的職種中，他是存在性越來越高的職業。{nl}火槍手是使用步槍的槍兵職業。雖然無法和弓箭同時使用，但具有使用長槍連射攻擊和近戰效果的技能。,c_archer_musketeer,False,False,False,2,0,[0],"[311005, 313030, 313027]","[31201, 31202, 31204, 31211, 31207, 31209, 31203, 31210]",火槍手,2,4,8,2,3,8,50,40,0,0,110
3017,Char3_17,1,神射手源自於王國外部的部族社會，在利迪亞夏班的介紹之下，於王國也獲得了大師地位的認可，此後便世世代代於另一方大陸世襲了起來，王國人如想要成為神射手就必須要越過大海才行，但在神樹之日後，數世紀以來神射手大師也紛紛來到王國，而成為新神射手的人也越來越多。{nl}使用雙手弓為主要武器的神射手是能對抗多數敵人的強悍弓手職業。,c_archer_mergen,False,False,False,0,0,[0],,"[31401, 31402, 31404, 31408, 31405, 31409]",神射手,2,4,8,2,3,8,40,60,0,0,100
3101,Char3_18,1,如果說將大炮的強大火力極大化的方式就是重砲手，那麼砲衛軍則是克服大炮缺點的漏洞和不便的戰鬥方式。{nl} 砲衛軍是採用迴避技術和妨礙敵人行動等多種形式，使用大炮進行適當戰略的職業。,c_archer_matross,False,False,False,2,0,[0],,"[31801, 31802, 31803, 31804, 31805, 31806]",砲衛軍,2,4,8,2,3,8,35,50,0,0,115
3102,Char3_19,1,"虎獵師並不是單純的獵人，大部分都是對生存具有信念的人，特別是大師尤那, 強烈地懷着這個信念，爲虎獵師們樹立了合適的榜樣。{nl}虎獵師具有利用火槍攻擊技術，這技術會對野獸型敵人發揮額外效果。",c_archer_tigerhunter,False,False,False,2,0,[0],[320009],"[31901, 31902, 31903, 31904, 31905, 31906]",虎獵師,2,4,8,2,3,8,55,50,0,0,95
3103,Char3_20,1,鋼弩手起源於利耶爾國王時期，曾和利迪亞夏班一起合作的夥伴之一所開發的引導箭矢。研究一開始雖然沒有很順利，但經過了數十年的時間，利耶爾2世在位期間，王國提供協助後，研究才終於完成了。意識到引導箭矢技術重要性的王國，以幫助研究為條件，將鋼弩手編入王國軍旗下，而不是星之塔。{nl}鋼弩手是屬於使用弩來發射引導箭矢，輕鬆秒準單一或多數敵人的攻擊型職業。,c_archer_arbalester,False,False,False,0,0,[0],"[321016, 321017]","[32004, 32002, 32003, 32001, 32005, 32006]",鋼弩手,2,4,8,2,3,8,30,80,0,0,90
4001,Char4_1,1,牧師是在脫離修習祭司後第一個獲得的聖職，不管是否有經歷修習過程，{nl}牧師在擁有千年王國歷史中，仍需時常維持祭司的基本，{nl}並在侍奉女神所集結的過程中確立了自己的地位。牧師系列利用治癒自己或我軍的恢復技能及各種Buff，{nl}扮演著強化我軍的輔助角色，不僅如此他也能直接對前方展開戰鬥，或是在後方利用魔法攻擊對抗敵人，是能以各種方式養成的職業。,c_cleric_cleric,False,False,True,2,1,[7],"[401023, 401009, 401024]","[40001, 40002, 40008, 40006, 40007]",牧師,1,6,2,4,9,4,50,0,60,90,0
4002,Char4_2,1,聖水祭司主要多是在王國首都中活動的人，因此在神樹之日中是傷亡最慘重的聖職者，目前還存活著的最年長聖水祭司也才不過三十多歲而已。{nl}聖水祭司是會使用聖物對同伴施予祝福，利用神聖的力量讓死者復活的聖職者職業。,c_cleric_priest,False,False,False,1,1,[7],[10018],"[40201, 40202, 40203, 40204, 40211, 40205, 40206, 40209]",聖水祭司,2,6,2,4,9,4,30,0,40,130,0
4003,Char4_3,1,聖火祭司是擁有最傳統女神信仰的聖職者，由於他們重視傳統與過去，因此被人們認為是老一輩的聖職者職業，但最傳統的女神信仰及傳統的思想仍讓不少人早早就加入這個聖職者的行列，此外這些人通常也不會輕易脫離這個職業，遵循著最信實的信仰生活。{nl}侍奉火的祭司聖火祭司會使用神聖的火來協助同伴恢復，或是給予敵人強而有力的傷害。,c_cleric_kriwi,False,False,False,2,1,[7],"[402005, 402021]","[40101, 40102, 40104, 40103, 40105, 40106]",聖火祭司,2,6,2,4,9,4,30,0,100,70,0
4005,Char4_5,1,追求森林與人類和諧的德魯伊是透過兩者間的靈性交流獲得特有的靈性體驗，並從女神那裡獲得將其現實化的權能，希望能讓自然與人類及女神之間達到和諧是聖職者德魯伊的理想。{nl}會使用自然力量的德魯伊能操控從地底長出來的草協助我軍，或是直接變身為怪物，是可使用怪物技能的祭司職業。,c_cleric_druid,False,False,False,2,1,[7],[410022],"[40902, 40906, 40903, 40910, 40905, 40904, 40911, 40908, 40909]",德魯伊,2,6,2,4,9,4,20,0,90,90,0
4006,Char4_6,1,雖有人是透過學習而進入聖職的，但有時也有人是透過恩寵被女神挑選來傳遞女神真理的，聖者是指被女神特別挑選及被他們訓練的人，由於聖者是透過不同的方式來與女神接觸的，因此他們的咒術性要素非常地強，調節睡眠與做夢的事就等同於其它聖職者的祈禱。{nl}聖者可以將自己的靈魂進行魂魄化不被敵人看見以進行活動，或是將自己的力量傳送給同伴。,c_cleric_sadhu,False,False,False,1,1,"[0, 7]",[406020],"[40501, 40502, 40504, 40503, 40505, 40506, 40510]",聖者,2,6,2,4,9,4,30,0,120,50,0
4007,Char4_7,1,雕刻師是聖職者的一個系統，自受到認可後第一代大師為目前的大師，而歷代大師在任者是1人，目前存在的所有雕刻師都曾接受過泰斯拉的指導。{nl}雕刻師會削下神聖的雕像並進行配置，這些碎片會保護同伴或是攻擊敵人。,c_cleric_dievdirbys,False,False,False,0,1,[7],"[405008, 10018, 405014]","[40401, 40402, 40404, 40405, 40403, 40406, 40407]",雕刻師,2,6,2,4,9,4,40,0,85,75,0
4008,Char4_8,1,神諭師是傳授神託，回答有關女神提問的人，女神的神託通常是以隱喻和象徵來表達人類的自由意志是不可侵犯的，因此當女神不在時，神諭師也仍能向人們傳達神託，這是因為聖靈的權能是從源流不斷地傳達其方針中所流露出來的智慧。{nl}神諭師是使用預知能力的神官職業，他能預測敵人的行動或是介入未來，決定敵人的命運。,c_cleric_oracle,False,False,False,2,1,[7],,"[41002, 41004, 41005, 41009, 41007, 41008, 41013, 41010, 41011, 41012]",神諭師,2,6,2,4,9,4,50,0,50,100,0
4009,Char4_9,1,雖不完全排斥祈禱和祭禮，但他卻認為透過身體的鍛鍊能更加獲得女神的恩寵，這個系統的聖職者被稱之為武僧，他們承接了堅強的體力，並且利用特異的女神權能正為世界做出奉獻，此外因教義特別，武僧會從事他們認為女神所需要的事，而非女神期望的事。 {nl}武僧是以透過身體鍛鍊的修練，不斷獲得女神恩寵的的聖職者。,c_cleric_monk,False,False,False,2,1,[0],"[10027, 408020]","[40701, 40702, 40703, 40704, 40706, 40705, 40707, 40708]",武僧,2,6,2,4,9,4,50,70,0,0,80
4010,Char4_10,1,寬恕者與其它侍奉女神的祭司們不同的是，他們認為所有的恩賜是可以用金錢交換的，特別是女神的懲罰性詛咒可以透過寬恕者來洗刷去除，歷代的寬恕者們會透過這樣獲得的金錢來累積自己的錢財，也會利用這些錢來幫助貧者。{nl}女神的權能是就算有財富也不會否定的聖職者。,c_cleric_pardoner,False,False,False,2,1,[4],[409016],"[40801, 40802, 40803, 40804, 40808, 40809, 40805]",寬恕者,2,6,2,4,9,4,20,0,70,110,0
4011,Char4_11,1,聖殿十字軍是個性雖一板一眼，但為了正義而戰的信念與對女神的信仰及在不違背信仰的範圍內忠於王國的聖職者，此外由最早期聖殿十字軍所建立的泰內聖堂對聖殿十字軍來說是神聖的場所，同時也是以盟約守護的場所。{nl}發揮強大戰鬥力的聖殿十字軍會以神聖的力量保護周圍的同伴們，或是讓崇拜魔神的敵人皈依為女神而戰。,c_cleric_paladin,False,False,False,0,1,[5],"[10026, 407023]","[40610, 40602, 40603, 40607, 40608, 40609, 40606]",聖殿十字軍,2,6,2,4,9,4,110,40,0,0,50
4012,Char4_12,1,隨軍牧師是堅信自己的信心，願為站上戰場的將兵終身為祭司的聖職者，因此就算是預備兵，一日隨軍牧師就永遠是隨軍牧師，隨軍牧師會為不得已殺生的軍人治癒心靈，他們身為軍人時時刻刻緊記著要忠實自己的使命，更重要的是在實際戰鬥中，他們會使用可幫助他們的神之權能。{nl}隨軍牧師是能祝福並給予參與戰鬥的同伴神聖力的軍種。只有達到高水準的高階聖水祭司才可以執行隨軍牧師的使命。,c_cleric_chaplain,True,False,False,2,1,[7],[414012],"[41301, 41304, 41305, 41302, 41306, 41307]",隨軍牧師,2,6,2,4,9,4,30,95,0,0,75
4013,Char4_13,1,牧羊人,c_cleric_paladin,False,False,False,,1,,,,牧羊人,200,6,2,4,9,4,0,0,0,0,0
4014,Char4_14,1,瘟疫醫生與其他祭司治療者的差異在於並不是只有透過轉職才能獲得女神的恩寵的，瘟疫醫生會採取科學與研究成果來進行治療，雖然依存女神可以治療各種疾病，但瘟疫醫生並不太接受這樣的詔命，但在面臨神樹之日與女神長期不在的情況下，他們的存在價值也日劇提升。{nl}瘟疫醫生是治療同伴的異常狀態，或是消除敵方異常狀態的聖職者系職業，他們會戴著塗有特殊藥品的鳥喙面具，主要是可抵擋異常狀態。 ,c_cleric_plaguedoctor,False,False,False,2,1,"[0, 7]",,"[41101, 41102, 41104, 41110, 41106, 41107, 41105, 41109]",瘟疫醫生,2,6,2,4,9,4,40,0,80,80,0
4015,Char4_15,1,卡巴拉是透過宇宙的道理能掌握所有真相的職業，他們實際預言了神樹之日，同時也成功地復原了拉伊瑪的天道預言，但因要說明這樣的結果有些困難，因此大部份大眾都不相信他們所說的話，或是不想要去理解，因此沒有實質上的幫助。{nl}卡巴拉是使用古代卡巴拉魔法的聖職者。可以用無限的力量輔助同伴或是用「數祕術」破解敵人的名字應用於戰鬥上。,c_cleric_kabbalist,False,False,False,2,1,[7],"[413021, 413022, 413014]","[41201, 41203, 41204, 41209, 41206, 41202, 41210, 41211]",卡巴拉,2,6,2,4,9,4,45,0,45,110,0
4016,Char4_16,1,審判者是從女神實際存在時期就已經存在的了，儘管在管理所有教團宗規被視為無用的時代裡，他們仍堅守著傳統的信仰，此外用最適當的語言紀錄、監理女神的教導也是他們的權限，但在女神消失之後，過去不需由他們決定的事情也變成非要他們來決定才行了。{nl}審判者是負責審判對女神不敬的敵人的祭司職業，具有強力的戰鬥技能，特別擅長與魔法使用者戰鬥。,c_cleric_inquisitor,False,False,False,2,1,[0],"[415001, 415009, 415017, 415021, 415028]","[41407, 41404, 41406, 41408, 41401, 41409, 41410]",審判者,2,6,2,4,9,4,60,40,0,0,100
4018,Char4_18,1,{/}{/}{#7AE4FF}[從第2次轉職開始可選擇]{/}{/}{nl}巫女(坎諾席)是在比陰陽師更早時期被王室默認、負責女神崇拜工作的職業，與平民不那麼親近這點和陰陽師很像，但與陰陽師和王室維持友好關係卻獨立的這點不同，巫女(坎諾席)最近從達到同一的過程開始，在這過程中因發生了卡歐尼拉公主的事件，因是王室的事情因此不太被外界知道。{nl}巫女(坎諾席)是接受神託服侍女神們的職業。他們會採用神聖攻擊讓敵人受到傷害，或者讓同伴在戰鬥中能發揮最佳的力量，帶來元氣。,c_cleric_miko,True,True,False,1,1,[7],,"[41601, 41603, 41604, 41602, 41606, 41605]",巫女,2,6,2,4,9,4,60,0,60,80,0
4019,Char4_19,1,狂熱者教團是由失去女神的一部分聖職者選擇走強硬路線而創立的，他們為了找尋女神的方法非常極端，因此與一般人或其他教團的摩擦較大，總之他們標榜強烈的信仰，為找回女神願承受所有的事情，他們豎立了教理並堅守實踐著。{nl}狂熱者保有多數對近戰物理攻擊有利的Buff，此職業特別加強了對自身的強化。,c_cleric_zealot,True,False,False,2,1,[0],,"[41701, 41702, 41703, 41704, 41705, 41706, 41707]",狂熱者,2,6,2,4,9,4,50,80,0,0,70
4020,Char4_20,1,最早的驅魔師公認是在洛梅爾2世在位期間出現的，在那之前雖不是沒有聖職者舉行過驅魔行為，但在洛梅爾2世以後，如要進行驅魔行為或儀式，就必須要由公認的驅魔師才可進行，就算是可靠的聖職者，儘管職位再高，如不是驅魔師也仍是禁止展開驅魔行為的。 {nl}驅魔師是能控制驅魔界魔法的職業，能用神聖屬性的魔法處斷敵人。,c_cleric_exorcist,True,False,False,2,1,[0],,"[41801, 41802, 41803, 41804, 41805, 41806, 41807]",驅魔師,2,6,2,4,9,4,40,0,120,40,0
4021,Char4_21,1,王國在經歷內戰後，意識到為了應付眾多狀況，需要做好萬全準備，也意識到了守護神聖的必要性。為了表示對信仰的自豪感而戴上重手套的東征十字軍，肩負著守護王國和神聖神樹的重大任務。守護神樹的東征十字軍雖然在神樹之日時都滅亡了，但為了任務而暫時離開王國的極小數東征十字軍卻活了下來。{nl}東征十字軍是屬於根據自己的[謳歌]Buff，成為魔法攻擊者或治癒者的職業。,c_cleric_crusader,False,False,False,0,1,"[0, 7]",,"[41904, 41901, 41907, 41903, 41906, 41902, 41905]",東征十字軍,2,6,2,4,9,4,60,0,70,70,0
5001,Char5_1,1,斥候的歷史開始於梅基耶爾時代，當時未確立國境，{nl}於各地展開戰鬥的王國軍因情報不足的關係而陷入苦戰，王國在有感於偵查兵的重要性後，開始培養起斥候，在確認國境後，國家開始賦予給他們有關怪物的任務，建國曆801年最早成功探險異世界時，其中探查成員包含有斥候大師，因而讓此職業活躍了起來。斥候系列具有非常強的攻擊性技能，同時以高迴避與暴擊、攻擊速度為基礎，以具有強大攻擊力自豪，但因會快速消耗SP的關係，因此需要特別留意。,c_scout_scout,False,False,True,0,2,[0],,"[50001, 50002, 50003, 50004, 50005]",斥候,1,5,9,2,3,6,40,90,0,0,70
5002,Char5_2,1,暗殺者是從其他大陸傳來的職業，尚未受到王國的正式認可，但他們的威名卻讓他們的首長被稱之為大師，這是任何人都不可否認的事實。嚴格來說他們與王國的其他職業不同，是在廣大的地區與文化圈中頗具盛名的職業。{nl}暗殺者會使用連魂草對自己或給予敵人特殊的效果，是戰鬥的短劍職業。,c_scout_assassin,False,False,False,0,2,[0],,"[50101, 50102, 50103, 50104, 50105, 50106]",暗殺者,2,5,9,2,3,6,35,110,0,0,55
5003,Char5_3,1,亡命之徒是支配王國的黑暗者與黑暗世界的人，雖王國朝廷絕不可能認可他們，但國民們也不能不認同他們的存在及亡命之徒的首長大師，聽說亡命之徒的秘密影響力不僅達到王國各處，甚至還遠到其他大陸。{nl}亡命之徒所使用的武器種類並沒有受到太多的限制，是能展開有效率戰鬥的街頭戰士型職業。,c_scout_outlaw,False,False,False,0,2,[0],,"[50201, 50202, 50203, 50204, 50205, 50206, 50207]",亡命之徒,2,5,9,2,3,6,40,70,0,0,90
5004,Char5_4,1,在確立王國貴族法並經過歲月流逝後，許多貴族都變得平民化了，其中一部分無法卸除爵位的後代子孫就被賦予了侍從這個職業，雖出現了這個職業，但又在經過一段歲月的變遷後，他們又變成了獨立的職種，其本質也改變了不少，但主要仍是由沒落貴族從事的這個職業印象仍久久無法消失。{nl}侍從是輔助同伴的職業，能修理同伴的裝備，提升性能或設置據點，協助同伴的行動。,c_warrior_squire,False,False,False,2,2,"[7, 4, 9]",,"[50302, 50301, 50306, 50303, 50304, 50305]",侍從,2,5,9,2,3,6,60,70,0,0,70
5005,Char5_5,1,洛梅爾王國當時運用私掠船下賜了信物，私掠船本質上雖只有一半是官方的，但現在海賊的大師職位也已受到王國的認可了，雖仍無法免除懲罰，但卻被王國認同，可擁有不遜於海軍的武裝權力，因沒有明確的證據而難以進行處罰，在海上容易煙滅證據的關係，因此對海賊來說信物是很重要的。{nl}海賊會透過自己的組隊組成海賊團，並使用獨特的戰術，他們會掠奪敵人的道具或是獲得寶箱，可以使用連擊系統。,c_warrior_corsair,False,False,False,2,2,"[0, 9]","[10015, 109011]","[50405, 50404, 50406, 50409, 50401, 50402, 50403, 50407, 50408]",海賊,2,5,9,2,3,6,40,75,0,0,85
5006,Char5_6,1,{#7AE4FF}[從2次轉職開始可選擇]{/}{nl}諜報和潛入專家不管在何時何地都是存在的，忍者活躍於1次王位繼承戰爭時，在受到王室的認可後，變成了王室的隱藏影子集團，現在他們仍以保衛王室做為第1使命。{nl}忍者是使用忍術這種特殊戰法的職業。只有少數經歷過漫長且辛苦修練的人才可以成為忍者。,c_warrior_shinobi,True,True,False,1,2,[0],"[10018, 113009]","[50505, 50503, 50504, 50502, 50501, 50506]",忍者,2,5,9,2,3,6,35,90,0,0,75
5007,Char5_7,1,奇術師與其他魔法師不同，他並非學習魔法，而是透過領悟魔法的過程進而發展出來的，因與其他魔法系統有這種特性差異，因此他們認為在年幼時期挖掘天賦才能是很重要的。{nl}奇術師具備有能讓對方的屬性與型態轉變的魔法，他們能讓敵人產生小小的變形，或強化同伴的身體，在戰鬥中給予協助。,c_wizard_thaumaturge,False,False,False,0,2,[7],,"[50605, 50601, 50602, 50603, 50606, 50604]",奇術師,2,5,9,2,3,6,70,65,0,0,65
5008,Char5_8,1,附魔師的歷史相對比較短，雖弗羅里的弟子珍在魔法學上的造詣很高，但儘管他無法使用魔法並親自流傳給弟子，她仍利用了留下來的研究創立了附魔師，珍的畢生夢想是賦予魔法能力給魔法痴，雖這件事目前還很難成真，但附魔師卻成了魔法的一個新支流。{nl}附魔師職業是會利用自己擁有的魔法消耗性道具來進行製作，或直接賦予裝備道具效果以協助同伴。,c_wizard_enchanter,False,False,False,2,2,"[7, 4]","[215001, 215007, 215008]","[50801, 50802, 50803, 50807, 50804, 50805, 50806]",附魔師,2,5,9,2,3,6,55,100,0,0,45
5009,Char5_9,1,鎖鏈法師是擁有從完全不同的事物中尋找出連結性後，將其做成自己想要的成果的人，在這魔法中會套用尋找彼此不同對象間的連結點的想像力及實現其想像力的魔力。{nl}鎖鏈法師會連結同伴，減少所受到的傷害量，或是綑綁敵軍，讓給予敵人的傷害量暴增。,c_wizard_linker,False,False,False,1,2,[7],,"[50701, 50702, 50703, 50704, 50708, 50705]",鎖鏈法師,2,5,9,2,3,6,50,80,0,0,70
5010,Char5_10,1,流氓在王國的歷史中曾多次以罪犯的身份被拘束，但也曾參與過英雄的冒險多次立下功績而獲得認可，約在300年前奈克爾1世時期，他們曾立下功績，因此王國下令如非犯下殺人等重罪，將不會再以王國的法律驅逐他們。 {nl}流氓是為了獲勝而會不擇手段的戰鬥專家，他們會使用短劍襲擊敵人後方，另外也會在隱身的狀態下展開弓箭攻擊等，是擅長奇襲戰鬥的職業。,c_archer_rogue,False,False,False,2,2,[0],[10015],"[50902, 50905, 50906, 50904, 50901, 50903, 50907]",流氓,2,5,9,2,3,6,50,90,0,0,60
5011,Char5_11,1,黑暗騎兵是王國軍的主要兵科，是存在於蘇瑟2世時代以後，而傭兵的歷史比他還要短，在千年以後許多退伍人都以傭兵的角色活躍發展著，其人數也越變越多，從50年前開始隨著精銳化的變遷，反而讓傭兵黑暗騎兵的人數減少了。{nl}黑暗騎兵是擁有快速機動力的騎兵職業。使用手槍的精彩移動射擊技術為主要特技。,c_archer_schwarzereiter,False,False,False,2,2,[2],"[311005, 311006, 311013]","[51001, 51002, 51003, 51004, 51005, 51006]",黑暗騎兵,2,5,9,2,3,6,25,95,0,0,80
5012,Char5_12,1,槍彈者是在我們的時代首創並被認可的，因此是到近期才形成的職業，其職業大師溫特伍德則是第一代大師，該職業是否在後世也能延續它的命脈，這就得看現在以槍彈者身份活動的人們的表現了。,c_archer_bulletmarker,True,False,False,0,2,[0],[311006],"[51105, 51101, 51102, 51103, 51104, 51106, 51107, 51108, 51109, 51110, 51111, 51112]",槍彈者,2,5,9,2,3,6,15,110,0,0,75
5013,Char5_13,1,阿迪蒂用短劍攻擊敵人，同時投擲大範圍爆炸的手榴彈壓制敵人，因此戰鬥風格看似散漫，但如果親眼看到阿迪蒂在敵陣中展開的戰鬥，會不由地發出驚嘆。{nl}阿迪蒂擅長使用短劍的接近戰和使用手榴彈的抹殺戰鬥，是對付多數敵人的有利職業。,c_scout_arditi,False,False,False,2,2,[0],[504010],"[51201, 51202, 51203, 51204, 51205, 51206]",阿迪蒂,2,5,9,2,3,6,55,80,0,0,65
5014,Char5_14,1,時而快速無差別，時而精確地用手槍射擊術制服敵人的警長，他的特長就是以機動性和遠距離進攻，讓對手感到無能爲力。另外，在迴避敵人的攻擊的同時，自己的攻擊能夠準確命中敵人，是專為1:1PVP戰鬥設計的職業。,c_scout_sheriff,False,False,False,1,2,[2],,"[51301, 51302, 51303, 51304, 51305, 51306]",警長,2,5,9,2,3,6,30,65,0,0,105
5015,Char5_15,1,因為神樹之日而變化的世界，雖然沒有改變冉達們的思想，但足以改變他們的行為。如此變化之後，冉達們決定在重新找回女神們，糾正向魔族傾斜的平衡之前，不斷地跟魔族抗爭。並決定認同王國和臣民們所遵守的思想，將最優秀的冉達派到王國和大陸社會。{nl}冉達的技能賦予敵人Debuff，專門負責削弱敵人，是一個可以操縱跟隨自己的[巴龍獅]的職業。,c_scout_rangda,False,False,False,1,2,"[0, 7]",,"[51402, 51403, 51404, 51401, 51405, 51406]",冉達,2,5,9,2,3,6,65,65,0,0,70
9001,Char4_99,1,GM,c_cleric_cleric,False,False,False,,1,,,"[2111, 2112, 2113, 2114, 2115]",GM,99,6,2,4,9,4,6,3,4,7,5
