$ID,$ID_NAME,Description,Icon,Link_Collections,Link_Cubes,Link_Items,Link_Maps,Link_Maps_Exploration,Link_Monsters,Link_RecipeMaterial,Link_RecipeTarget,Name,Price,TimeCoolDown,TimeLifeTime,Tradability,Type,Weight
640403,Ghaca_PC_Rabdom,마우스 우클릭으로 사용 할 수 있습니다. 사용시 랜덤한 아이템을 얻을 수 있습니다.{nl}보상 목록{nl}- 경험의 서 x1{nl} - 인스턴스 던전 배수 토큰 x2{nl}- 확성기 x1{nl}- 마법 부여 스크롤(거래불가) x1{nl}- 워프 주문서 x8{nl}- 소울 크리스탈 x4{nl}- 긴급 수리 키트 x3,icon_item_random_cashbox,,,,,,,,,[PC방] TP 아이템 랜덤 상자,0,0.0,0.0,FFFT,6,5.0
640404,Ghaca_PC_Misc,마우스 우클릭으로 사용 할 수 있습니다. 사용시 랜덤한 아이템을 얻을 수 있습니다.,icon_item_pc_miscbox,,,,,,,,,[PC방] 광물 상자,0,0.0,0.0,FFFT,6,5.0
640407,Ghaca_PC_Discount_Ticket,마우스 우클릭으로 사용 할 수 있습니다. 사용시 랜덤한 아이템을 얻을 수 있습니다.{nl}보상 목록{nl} - [PC방] 염색 1회 50% 할인권{nl} - [PC방] 염색 1회 무료 이용권{nl} - [PC방] 헤어 1회 50% 할인권{nl} - [PC방] 헤어 1회 무료 이용권,icon_item_random_cashbox,,,,,,,,,[PC방] 뷰티샵 할인 쿠폰 상자,0,0.0,0.0,FFFT,6,5.0
640408,Ghaca_PC_Event_Csoume01,마우스 우클릭으로 사용 할 수 있습니다. 사용시 블랙 메이드 코스튬(여) / 블랙 버틀러 코스튬(남) 중 1개를 획득 할 수 있습니다.,icon_item_box_pc_basic,,,,,,,,,[PC방] 버틀러와 메이드 코스튬 선택 상자,0,0.0,0.0,FFFF,6,5.0
640409,Box_PC_Month,마우스 우클릭으로 사용 할 수 있습니다. 사용시 아이템을 얻을 수 있습니다.{nl}보상 목록 {nl} - x8 경험의 서(14일) x 1{nl} - 인스턴스 던전 배수 토큰 x 10{nl} - 여신의 조각상(14일) x 10{nl} - 축복이 깃든 씨앗(14일)  x 10,icon_item_box_pc_month,,,,,,,,,[PC방] 성장 지원 상자,0,0.0,0.0,FFFT,6,5.0
640414,Gm_Ty_Box,마우스 우클릭으로 사용 할 수 있습니다. 사용시 아이템및 버프를 얻을 수 있습니다. {nl}보상 아이템{nl} - 10TP[증정용] x1{nl}보상 버프 {nl} - 레드옥스(30분) {nl} - 이동속도 증가 - 이벤트(30분) {nl} - 주변 HP 회복 - 이벤트(30분) {nl} - 주변 SP 회복 - 이벤트(30분),icon_item_giftbox_4,,,,,,,,,GM의 감사 박스,0,0.0,0.0,FFFT,6,0.0
640415,Gm_Sy_Box,마우스 우클릭으로 사용 할 수 있습니다. 사용시 아이템및 버프를 얻을 수 있습니다. {nl}보상 아이템{nl} - 10TP[증정용] x1{nl}보상 버프 {nl} - 레드옥스(30분) {nl} - 이동속도 증가 - 이벤트(30분) {nl} - 주변 HP 회복 - 이벤트(30분) {nl} - 주변 SP 회복 - 이벤트(30분),icon_item_giftbox_4,,,,,,,,,GM의 사과 박스,0,0.0,0.0,FFFT,6,0.0
640416,Ghaca_PC_Event_Csoume02,마우스 우클릭으로 사용 할 수 있습니다. 사용시 붉은 뱀파이어 코스튬(남) / 붉은 뱀파이어 코스튬(여) 중 1개를 획득 할 수 있습니다.{nl} - 10월 4일 점검 이후부터 사용 가능합니다.,icon_item_box_pc_basic,,,,,,,,,[PC방] 붉은 뱀파이어 코스튬 선택 상자,0,0.0,0.0,FFFF,6,5.0
640442,Ghaca_PC_Event_Csoume03,마우스 우클릭으로 사용 할 수 있습니다. 사용시 붉은 겨울밤 코스튬(남) / 붉은 겨울밤 코스튬(여) 중 1개를 획득 할 수 있습니다.,icon_item_box_pc_basic,,,,,,,,,[PC방] 붉은 겨울밤 코스튬 선택 상자,0,0.0,0.0,FFFF,6,5.0
640443,Attendance_Sausis_SelectBox,사용 시 리스트 중 원하시는 장비가 지급됩니다.{nl} {nl} 악세사리 리스트{nl} - 네파그리타스 네클리스{nl} - 네메트마스 네클리스{nl} - 랜고베스 네클리스{nl} - 네파그리타스 브레이슬릿 {nl} - 네메트마스 브레이슬릿 {nl} - 랜고배스 브레이슬릿,icon_item_giftbox_4,,,,,,,,,환상 도서관: 사우시스 9관 악세사리 선택 상자,0,0.0,0.0,FFFF,6,5.0
640444,Attendance_welcome,마우스 우클릭으로 사용 할 수 있습니다. 사용시 아이템을 얻을 수 있습니다.{nl}보상 목록 {nl} - 워프 주문서 10개 상자{nl} - 여신의 조각상(14일) x 3{nl} - 축복이 깃든 씨앗(14일)  x 3,icon_item_giftbox_4,,,,,,,,,신규/복귀 환영 상자,0,0.0,0.0,FFFT,6,5.0
640445,Attendance_welcome2,마우스 우클릭으로 사용 할 수 있습니다. 사용시 아이템을 얻을 수 있습니다.{nl}보상 목록 {nl} - 레이드 포탈 스톤 x 5{nl} - 챌린지 포탈 생성 스크롤(14일) x5{nl} - 확성기 50개{nl}[이벤트] 마시니오스 무기 선택 상자,icon_item_giftbox_4,,,,,,,,,신규/복귀 지원 상자,0,0.0,0.0,FFFT,6,5.0
640446,Attendance_Masinios_SelectBox,사용시 11강 5초월 마시니오스 무기 리스트중 한개를 획득 할 수 있습니다.,icon_item_event_weaponbox1,,,,,,,,,11강 5초월 마시니오스 무기 선택 상자,0,0.0,0.0,FFFF,6,5.0
640450,Gacha_PC_Event_Costume01,마우스 우클릭으로 사용할 수 있습니다. 사용 시 아래의 구성물을 획득할 수 있습니다.{nl} - 알파 센타우리 우주 비행사 코스튬 선택상자 1개{nl} - 알파 센타우리 우주 비행사 헬멧 1개,icon_item_gacha_pc_event_costume01,,,,,,,,,[PC방] 알파 센타우리 우주 비행사 패키지,0,0.0,0.0,FFFF,6,5.0
640451,Select_costume_ep11,"마우스 우클릭으로 사용할 수 있습니다. 다음 클래스 코스튬을 얻을 수 있습니다. {nl} 클래스 리스트 {nl} - 산포{nl} - 매트로스{nl} - 아르디티{nl} - 셰리프{nl} {nl} - 5월 23일 점검시, 일괄 삭제 됩니다.",icon_item_giftbox_4,,,,,,,,,[이벤트] 신규 클래스 프리미엄 코스튬 선택 상자,0,0.0,0.0,FFFT,6,5.0
640453,Ghaca_Guild_Contribution_Shop_MISC,마우스 우클릭으로 사용 할 수 있습니다. 사용시 랜덤한 아이템을 얻을 수 있습니다.,icon_item_farm47_sack_01,,,,,,,,,광물 꾸러미,0,0.0,0.0,FFFT,6,1.0
640462,box_gabia_set,마우스 우클릭으로 사용할 수 있습니다. 사용 시 아래의 구성물을 획득할 수 있습니다.{nl} - 가비야의 수호기사 선택상자 1개{nl} - 가비야의 은총이 담긴 깃털 x3,icon_item_gabia_set,,,,,,,,,가비야의 수호기사 패키지,0,0.0,0.0,FFFF,6,5.0
640463,rubymoru_recipe_box,마우스 우클릭으로 사용할 수 있습니다. 사용 시 아래의 구성물을 획득할 수 있습니다.{nl} - 빛나는 루비 모루 제작서 x10,icon_item_ruby_recipebox,,,,,,,,,빛나는 루비 모루 제작서 묶음(10장),0,0.0,0.0,FFFF,6,5.0
640480,ViboraWeaponSelectBox,사용 시 리스트 중 원하는 아이템이 지급됩니다.,icon_item_vibora_weapon_selectbox,,,,,,,,,[큐폴 전용] 바이보라 무기 선택 상자,0,0.0,0.0,FFFF,6,5.0
642601,Gacha_F_001,사용하면 무언가 알 수 없는 것을 획득할 수 있을 것 같습니다. 마우스 오른쪽 버튼 클릭으로 사용합니다.,icon_item_cube3,,,,,,,,,어보미네이션의 큐브,0,0.0,0.0,FFFF,6,5.0
642602,Gacha_F_002,사용하면 무언가 알 수 없는 것을 획득할 수 있을 것 같습니다. 마우스 오른쪽 버튼 클릭으로 사용합니다.,icon_item_cube3,,,,,,,,,(구) 역겨운 데스위버의 큐브,0,0.0,0.0,FFFF,6,5.0
642603,Gacha_F_003,사용하면 무언가 알 수 없는 것을 획득할 수 있을 것 같습니다. 마우스 오른쪽 버튼 클릭으로 사용합니다.,icon_item_cube3,,,,,,,,,(구) 음산한 채퍼리션의 큐브,0,0.0,0.0,FFFF,6,5.0
642604,Gacha_F_004,사용하면 무언가 알 수 없는 것을 획득할 수 있을 것 같습니다. 마우스 오른쪽 버튼 클릭으로 사용합니다.,icon_item_cube3,,,,,,,,,대지의 템플슈터의 큐브,0,0.0,0.0,FFFF,6,5.0
642605,Gacha_F_005,사용하면 무언가 알 수 없는 것을 획득할 수 있을 것 같습니다. 마우스 오른쪽 버튼 클릭으로 사용합니다.,icon_item_cube3,,,,,,,,,대지의 캔서릴의 큐브,0,0.0,0.0,FFFF,6,5.0
642606,Gacha_F_006,사용하면 무언가 알 수 없는 것을 획득할 수 있을 것 같습니다. 마우스 오른쪽 버튼 클릭으로 사용합니다.,icon_item_cube3,,,,,,,,,대지의 아콘의 큐브,0,0.0,0.0,FFFF,6,5.0
642607,Gacha_F_007,사용하면 무언가 알 수 없는 것을 획득할 수 있을 것 같습니다. 마우스 오른쪽 버튼 클릭으로 사용합니다.,icon_item_cube3,,,,,,,,,(구) 격렬한 켈베로스의 큐브,0,0.0,0.0,FFFF,6,5.0
642608,Gacha_F_008,사용하면 무언가 알 수 없는 것을 획득할 수 있을 것 같습니다. 마우스 오른쪽 버튼 클릭으로 사용합니다.,icon_item_cube3,,,,,,,,,(구) 요란한 마인로더의 큐브,0,0.0,0.0,FFFF,6,5.0
642609,Gacha_F_009,사용하면 무언가 알 수 없는 것을 획득할 수 있을 것 같습니다. 마우스 오른쪽 버튼 클릭으로 사용합니다.,icon_item_cube3,,,,,,,,,큐바스의 큐브,0,0.0,0.0,FFFF,6,5.0
642610,Gacha_F_010,사용하면 무언가 알 수 없는 것을 획득할 수 있을 것 같습니다. 마우스 오른쪽 버튼 클릭으로 사용합니다.,icon_item_cube3,,,,,,,,,네크로벤터의 큐브,0,0.0,0.0,FFFF,6,5.0
642611,Gacha_F_011,사용하면 무언가 알 수 없는 것을 획득할 수 있을 것 같습니다. 마우스 오른쪽 버튼 클릭으로 사용합니다.,icon_item_cube3,,,,,,,,,(구) 불타오르는 파이어로드의 큐브,0,0.0,0.0,FFFF,6,5.0
642612,Gacha_F_012,사용하면 무언가 알 수 없는 것을 획득할 수 있을 것 같습니다. 마우스 오른쪽 버튼 클릭으로 사용합니다.,icon_item_cube3,,,,,,,,,(구) 분노에 차오른 하르피아의 큐브,0,0.0,0.0,FFFF,6,5.0
642613,Gacha_F_013,사용하면 무언가 알 수 없는 것을 획득할 수 있을 것 같습니다. 마우스 오른쪽 버튼 클릭으로 사용합니다.,icon_item_cube3,,,,,,,,,글락쿠만의 큐브,0,0.0,0.0,FFFF,6,5.0
642614,Gacha_F_014,사용하면 무언가 알 수 없는 것을 획득할 수 있을 것 같습니다. 마우스 오른쪽 버튼 클릭으로 사용합니다.,icon_item_cube3,,,,,,,,,마리오네트의 큐브,0,0.0,0.0,FFFF,6,5.0
642615,Gacha_F_015,사용하면 무언가 알 수 없는 것을 획득할 수 있을 것 같습니다. 마우스 오른쪽 버튼 클릭으로 사용합니다.,icon_item_cube3,,,,,,,,,듀라한의 큐브,0,0.0,0.0,FFFF,6,5.0
642616,Gacha_F_016,사용하면 무언가 알 수 없는 것을 획득할 수 있을 것 같습니다. 마우스 오른쪽 버튼 클릭으로 사용합니다.,icon_item_cube3,,,,,,,,,(구) 엘라가노스의 큐브,0,0.0,0.0,FFFF,6,5.0
642617,Gacha_F_017,사용하면 무언가 알 수 없는 것을 획득할 수 있을 것 같습니다. 마우스 오른쪽 버튼 클릭으로 사용합니다.,icon_item_cube3,,,,,,,,,감옥 관리자 프리즌커터의 큐브,0,0.0,0.0,FFFF,6,5.0
642618,Gacha_F_018,사용하면 무언가 알 수 없는 것을 획득할 수 있을 것 같습니다. 마우스 오른쪽 버튼 클릭으로 사용합니다.,icon_item_cube3,,,,,,,,,굶주려있는 벨니아몽키의 큐브,0,0.0,0.0,FFFF,6,5.0
642619,Gacha_F_019,사용하면 무언가 알 수 없는 것을 획득할 수 있을 것 같습니다. 마우스 오른쪽 버튼 클릭으로 사용합니다.,icon_item_cube3,,,,,,,,,숲 지킴이 페릿머로더의 큐브,0,0.0,0.0,FFFF,6,5.0
642620,Gacha_F_020,사용하면 무언가 알 수 없는 것을 획득할 수 있을 것 같습니다. 마우스 오른쪽 버튼 클릭으로 사용합니다.,icon_item_cube3,,,,,,,,,(구) 미르티스의 큐브,0,0.0,0.0,FFFF,6,5.0
642621,Gacha_F_021,사용하면 무언가 알 수 없는 것을 획득할 수 있을 것 같습니다. 마우스 오른쪽 버튼 클릭으로 사용합니다.,icon_item_cube3,,,,,,,,,(구) 헬가세르클의 큐브,0,0.0,0.0,FFFF,6,5.0
642622,Gacha_F_022,사용하면 무언가 알 수 없는 것을 획득할 수 있을 것 같습니다. 마우스 오른쪽 버튼 클릭으로 사용합니다.,icon_item_cube3,,,,,,,,,(구) 렉시퍼의 큐브,0,0.0,0.0,FFFF,6,5.0
642623,Gacha_F_023,사용하면 무언가 알 수 없는 것을 획득할 수 있을 것 같습니다. 마우스 오른쪽 버튼 클릭으로 사용합니다.,icon_item_cube3,,,,,,,,,(구) 마르녹스의 큐브,0,0.0,0.0,FFFF,6,5.0
642624,Gacha_F_024,사용하면 무언가 알 수 없는 것을 획득할 수 있을 것 같습니다. 마우스 오른쪽 버튼 클릭으로 사용합니다.,icon_item_cube3,,,,,,,,,(구) 누아엘레의 큐브,0,0.0,0.0,FFFF,6,5.0
642625,Gacha_F_025,사용하면 무언가 알 수 없는 것을 획득할 수 있을 것 같습니다. 마우스 오른쪽 버튼 클릭으로 사용합니다.,icon_item_cube3,,,,,,,,,(구) 자우라의 큐브,0,0.0,0.0,FFFF,6,5.0
642626,Gacha_F_026,사용하면 무언가 알 수 없는 것을 획득할 수 있을 것 같습니다. 마우스 오른쪽 버튼 클릭으로 사용합니다.,icon_item_cube3,,,,,,,,,(구) 블룻의 큐브,0,0.0,0.0,FFFF,6,5.0
642627,Gacha_F_027,사용하면 무언가 알 수 없는 것을 획득할 수 있을 것 같습니다. 마우스 오른쪽 버튼 클릭으로 사용합니다.{nl} - 고급 아이템이 나올 확률이 조금 높습니다.,icon_item_cube3_first,,,,,,,,,(구) 미르티스 큐브,0,0.0,0.0,FFFF,6,5.0
642628,Gacha_F_028,사용하면 무언가 알 수 없는 것을 획득할 수 있을 것 같습니다. 마우스 오른쪽 버튼 클릭으로 사용합니다.{nl} - 고급 아이템이 나올 확률이 조금 높습니다.,icon_item_cube3_first,,,,,,,,,(구) 헬가세르클 큐브,0,0.0,0.0,FFFF,6,5.0
642629,Gacha_F_029,사용하면 무언가 알 수 없는 것을 획득할 수 있을 것 같습니다. 마우스 오른쪽 버튼 클릭으로 사용합니다.{nl} - 고급 아이템이 나올 확률이 조금 높습니다.,icon_item_cube3_first,,,,,,,,,(구) 렉시퍼 큐브,0,0.0,0.0,FFFF,6,5.0
642630,Gacha_F_030,사용하면 무언가 알 수 없는 것을 획득할 수 있을 것 같습니다. 마우스 오른쪽 버튼 클릭으로 사용합니다.{nl} - 고급 아이템이 나올 확률이 조금 높습니다.,icon_item_cube3_first,,,,,,,,,(구) 마르녹스 큐브,0,0.0,0.0,FFFF,6,5.0
642631,Gacha_F_031,사용하면 무언가 알 수 없는 것을 획득할 수 있을 것 같습니다. 마우스 오른쪽 버튼 클릭으로 사용합니다.{nl} - 고급 아이템이 나올 확률이 조금 높습니다.,icon_item_cube3_first,,,,,,,,,(구) 누아엘레 큐브,0,0.0,0.0,FFFF,6,5.0
642632,Gacha_F_032,사용하면 무언가 알 수 없는 것을 획득할 수 있을 것 같습니다. 마우스 오른쪽 버튼 클릭으로 사용합니다.{nl} - 고급 아이템이 나올 확률이 조금 높습니다.,icon_item_cube3_first,,,,,,,,,(구) 자우라 큐브,0,0.0,0.0,FFFF,6,5.0
642633,Gacha_F_033,사용하면 무언가 알 수 없는 것을 획득할 수 있을 것 같습니다. 마우스 오른쪽 버튼 클릭으로 사용합니다.{nl} - 고급 아이템이 나올 확률이 조금 높습니다.,icon_item_cube3_first,,,,,,,,,(구) 블룻 큐브,0,0.0,0.0,FFFF,6,5.0
642634,Gacha_F_034,사용하면 무언가 알 수 없는 것을 획득할 수 있을 것 같습니다. 마우스 오른쪽 버튼 클릭으로 사용합니다.,icon_item_cube3,,,,,,,,,(구) 미르티스 큐브,0,0.0,0.0,FFFF,6,5.0
642635,Gacha_F_035,사용하면 무언가 알 수 없는 것을 획득할 수 있을 것 같습니다. 마우스 오른쪽 버튼 클릭으로 사용합니다.,icon_item_cube3,,,,,,,,,(구) 헬가세르클 큐브,0,0.0,0.0,FFFF,6,5.0
642636,Gacha_F_036,사용하면 무언가 알 수 없는 것을 획득할 수 있을 것 같습니다. 마우스 오른쪽 버튼 클릭으로 사용합니다.,icon_item_cube3,,,,,,,,,(구) 렉시퍼 큐브,0,0.0,0.0,FFFF,6,5.0
642637,Gacha_F_037,사용하면 무언가 알 수 없는 것을 획득할 수 있을 것 같습니다. 마우스 오른쪽 버튼 클릭으로 사용합니다.,icon_item_cube3,,,,,,,,,(구) 마르녹스 큐브,0,0.0,0.0,FFFF,6,5.0
642638,Gacha_F_038,사용하면 무언가 알 수 없는 것을 획득할 수 있을 것 같습니다. 마우스 오른쪽 버튼 클릭으로 사용합니다.,icon_item_cube3,,,,,,,,,(구) 누아엘레 큐브,0,0.0,0.0,FFFF,6,5.0
642639,Gacha_F_039,사용하면 무언가 알 수 없는 것을 획득할 수 있을 것 같습니다. 마우스 오른쪽 버튼 클릭으로 사용합니다.,icon_item_cube3,,,,,,,,,(구) 자우라 큐브,0,0.0,0.0,FFFF,6,5.0
642640,Gacha_F_040,사용하면 무언가 알 수 없는 것을 획득할 수 있을 것 같습니다. 마우스 오른쪽 버튼 클릭으로 사용합니다.,icon_item_cube3,,,,,,,,,(구) 블룻 큐브,0,0.0,0.0,FFFF,6,5.0
642641,Gacha_F_041,사용하면 무언가 알 수 없는 것을 획득할 수 있을 것 같습니다. 마우스 오른쪽 버튼 클릭으로 사용합니다.,icon_item_cube3,,,,,,,,,글락쿠만 큐브,0,0.0,0.0,FFFF,6,5.0
642642,Gacha_F_042,사용하면 무언가 알 수 없는 것을 획득할 수 있을 것 같습니다. 마우스 오른쪽 버튼 클릭으로 사용합니다.,icon_item_cube3,,,,,,,,,음산한 채퍼리션 큐브,0,0.0,0.0,FFFF,6,5.0
642643,Gacha_F_043,사용하면 무언가 알 수 없는 것을 획득할 수 있을 것 같습니다. 마우스 오른쪽 버튼 클릭으로 사용합니다.,icon_item_cube3,,,,,,,,,굶주려있는 벨니아몽키 큐브,0,0.0,0.0,FFFF,6,5.0
642644,Gacha_F_044,사용하면 무언가 알 수 없는 것을 획득할 수 있을 것 같습니다. 마우스 오른쪽 버튼 클릭으로 사용합니다.,icon_item_cube3,,,,,,,,,매혹의 서큐버스 큐브,0,0.0,0.0,FFFF,6,5.0
642645,Gacha_F_045,사용하면 무언가 알 수 없는 것을 획득할 수 있을 것 같습니다. 마우스 오른쪽 버튼 클릭으로 사용합니다.,icon_item_cube3,,,,,,,,,불타오르는 파이어로드 큐브,0,0.0,0.0,FFFF,6,5.0
642646,Gacha_F_046,사용하면 무언가 알 수 없는 것을 획득할 수 있을 것 같습니다. 마우스 오른쪽 버튼 클릭으로 사용합니다.,icon_item_cube3,,,,,,,,,요란한 마인로더 큐브,0,0.0,0.0,FFFF,6,5.0
642647,Gacha_F_047,사용하면 무언가 알 수 없는 것을 획득할 수 있을 것 같습니다. 마우스 오른쪽 버튼 클릭으로 사용합니다.,icon_item_cube3,,,,,,,,,불경스러운 데스위버 큐브,0,0.0,0.0,FFFF,6,5.0
642648,Gacha_F_048,사용하면 무언가 알 수 없는 것을 획득할 수 있을 것 같습니다. 마우스 오른쪽 버튼 클릭으로 사용합니다.,icon_item_cube3,,,,,,,,,숲 지킴이 페릿머로더 큐브,0,0.0,0.0,FFFF,6,5.0
642649,Gacha_F_049,사용하면 무언가 알 수 없는 것을 획득할 수 있을 것 같습니다. 마우스 오른쪽 버튼 클릭으로 사용합니다.,icon_item_cube3,,,,,,,,,굶주려있는 엘라가노스 큐브,0,0.0,0.0,FFFF,6,5.0
642650,Gacha_F_050,사용하면 무언가 알 수 없는 것을 획득할 수 있을 것 같습니다. 마우스 오른쪽 버튼 클릭으로 사용합니다.,icon_item_cube3,,,,,,,,,격렬한 켈베로스 큐브,0,0.0,0.0,FFFF,6,5.0
642651,Gacha_F_051,사용하면 무언가 알 수 없는 것을 획득할 수 있을 것 같습니다. 마우스 오른쪽 버튼 클릭으로 사용합니다.,icon_item_cube3,,,,,,,,,분노에 차오른 하르피아 큐브,0,0.0,0.0,FFFF,6,5.0
642652,Gacha_F_052,사용하면 무언가 알 수 없는 것을 획득할 수 있을 것 같습니다. 마우스 오른쪽 버튼 클릭으로 사용합니다.,icon_item_cube3,,,,,,,,,감옥 관리자 프리즌커터 큐브,0,0.0,0.0,FFFF,6,5.0
642653,Gacha_F_053,사용하면 무언가 알 수 없는 것을 획득할 수 있을 것 같습니다. 마우스 오른쪽 버튼 클릭으로 사용합니다.,icon_item_cube3,,,,,,,,,광분하는 몰렉 큐브,0,0.0,0.0,FFFF,6,5.0
642654,Gacha_F_054,사용하면 무언가 알 수 없는 것을 획득할 수 있을 것 같습니다. 마우스 오른쪽 버튼 클릭으로 사용합니다.{nl} - 고급 아이템과 레전드 카드가 나올 확률이 일반 큐브에 비해 높습니다.,icon_item_cube_gold_first,,,,,,,,,빛나는 마군주 미르티스 큐브,0,0.0,0.0,FFFF,6,1.0
642655,Gacha_F_055,사용하면 무언가 알 수 없는 것을 획득할 수 있을 것 같습니다. 마우스 오른쪽 버튼 클릭으로 사용합니다.{nl} - 고급 아이템과 레전드 카드가 나올 확률이 일반 큐브에 비해 높습니다.,icon_item_cube_gold_first,,,,,,,,,빛나는 마군주 헬가 세르클 큐브,0,0.0,0.0,FFFF,6,1.0
642656,Gacha_F_056,사용하면 무언가 알 수 없는 것을 획득할 수 있을 것 같습니다. 마우스 오른쪽 버튼 클릭으로 사용합니다.{nl} - 고급 아이템과 레전드 카드가 나올 확률이 일반 큐브에 비해 높습니다.,icon_item_cube_gold_first,,,,,,,,,빛나는 마군주 렉시퍼 큐브,0,0.0,0.0,FFFF,6,1.0
642657,Gacha_F_057,사용하면 무언가 알 수 없는 것을 획득할 수 있을 것 같습니다. 마우스 오른쪽 버튼 클릭으로 사용합니다.{nl} - 고급 아이템과 레전드 카드가 나올 확률이 일반 큐브에 비해 높습니다.,icon_item_cube_gold_first,,,,,,,,,빛나는 마군주 마르녹스 큐브,0,0.0,0.0,FFFF,6,1.0
642658,Gacha_F_058,사용하면 무언가 알 수 없는 것을 획득할 수 있을 것 같습니다. 마우스 오른쪽 버튼 클릭으로 사용합니다.{nl} - 고급 아이템과 레전드 카드가 나올 확률이 일반 큐브에 비해 높습니다.,icon_item_cube_gold_first,,,,,,,,,빛나는 마군주 누아엘레 큐브,0,0.0,0.0,FFFF,6,1.0
642659,Gacha_F_059,사용하면 무언가 알 수 없는 것을 획득할 수 있을 것 같습니다. 마우스 오른쪽 버튼 클릭으로 사용합니다.{nl} - 고급 아이템과 레전드 카드가 나올 확률이 일반 큐브에 비해 높습니다.,icon_item_cube_gold_first,,,,,,,,,빛나는 마군주 자우라 큐브,0,0.0,0.0,FFFF,6,1.0
642660,Gacha_F_060,사용하면 무언가 알 수 없는 것을 획득할 수 있을 것 같습니다. 마우스 오른쪽 버튼 클릭으로 사용합니다.{nl} - 고급 아이템과 레전드 카드가 나올 확률이 일반 큐브에 비해 높습니다.,icon_item_cube_gold_first,,,,,,,,,빛나는 마군주 블룻 큐브,0,0.0,0.0,FFFF,6,1.0
642661,Gacha_F_061,사용하면 무언가 알 수 없는 것을 획득할 수 있을 것 같습니다. 마우스 오른쪽 버튼 클릭으로 사용합니다.,icon_item_cube_gold_blow,,,,,,,,,마군주 미르티스 큐브,0,0.0,0.0,FFFF,6,1.0
642662,Gacha_F_062,사용하면 무언가 알 수 없는 것을 획득할 수 있을 것 같습니다. 마우스 오른쪽 버튼 클릭으로 사용합니다.,icon_item_cube_gold_blow,,,,,,,,,마군주 헬가 세르클 큐브,0,0.0,0.0,FFFF,6,1.0
642663,Gacha_F_063,사용하면 무언가 알 수 없는 것을 획득할 수 있을 것 같습니다. 마우스 오른쪽 버튼 클릭으로 사용합니다.,icon_item_cube_gold_blow,,,,,,,,,마군주 렉시퍼 큐브,0,0.0,0.0,FFFF,6,1.0
642664,Gacha_F_064,사용하면 무언가 알 수 없는 것을 획득할 수 있을 것 같습니다. 마우스 오른쪽 버튼 클릭으로 사용합니다.,icon_item_cube_gold_blow,,,,,,,,,마군주 마르녹스 큐브,0,0.0,0.0,FFFF,6,1.0
642665,Gacha_F_065,사용하면 무언가 알 수 없는 것을 획득할 수 있을 것 같습니다. 마우스 오른쪽 버튼 클릭으로 사용합니다.,icon_item_cube_gold_blow,,,,,,,,,마군주 누아엘레 큐브,0,0.0,0.0,FFFF,6,1.0
642666,Gacha_F_066,사용하면 무언가 알 수 없는 것을 획득할 수 있을 것 같습니다. 마우스 오른쪽 버튼 클릭으로 사용합니다.,icon_item_cube_gold_blow,,,,,,,,,마군주 자우라 큐브,0,0.0,0.0,FFFF,6,1.0
642667,Gacha_F_067,사용하면 무언가 알 수 없는 것을 획득할 수 있을 것 같습니다. 마우스 오른쪽 버튼 클릭으로 사용합니다.,icon_item_cube_gold_blow,,,,,,,,,마군주 블룻 큐브,0,0.0,0.0,FFFF,6,1.0
642668,Gacha_F_068,사용하면 무언가 알 수 없는 것을 획득할 수 있을 것 같습니다. 마우스 오른쪽 버튼 클릭으로 사용합니다.{nl} - 고급 아이템과 레전드 카드가 나올 확률이 일반 큐브에 비해 높습니다.,icon_item_cube_gold_first,,,,,,,,,빛나는 마군주 미르티스 큐브,0,0.0,0.0,FFFF,6,1.0
642669,Gacha_F_069,사용하면 무언가 알 수 없는 것을 획득할 수 있을 것 같습니다. 마우스 오른쪽 버튼 클릭으로 사용합니다.{nl} - 고급 아이템과 레전드 카드가 나올 확률이 일반 큐브에 비해 높습니다.,icon_item_cube_gold_first,,,,,,,,,빛나는 마군주 헬가 세르클 큐브,0,0.0,0.0,FFFF,6,1.0
642670,Gacha_F_070,사용하면 무언가 알 수 없는 것을 획득할 수 있을 것 같습니다. 마우스 오른쪽 버튼 클릭으로 사용합니다.{nl} - 고급 아이템과 레전드 카드가 나올 확률이 일반 큐브에 비해 높습니다.,icon_item_cube_gold_first,,,,,,,,,빛나는 마군주 렉시퍼 큐브,0,0.0,0.0,FFFF,6,1.0
642671,Gacha_F_071,사용하면 무언가 알 수 없는 것을 획득할 수 있을 것 같습니다. 마우스 오른쪽 버튼 클릭으로 사용합니다.{nl} - 고급 아이템과 레전드 카드가 나올 확률이 일반 큐브에 비해 높습니다.,icon_item_cube_gold_first,,,,,,,,,빛나는 마군주 마르녹스 큐브,0,0.0,0.0,FFFF,6,1.0
642672,Gacha_F_072,사용하면 무언가 알 수 없는 것을 획득할 수 있을 것 같습니다. 마우스 오른쪽 버튼 클릭으로 사용합니다.{nl} - 고급 아이템과 레전드 카드가 나올 확률이 일반 큐브에 비해 높습니다.,icon_item_cube_gold_first,,,,,,,,,빛나는 마군주 누아엘레 큐브,0,0.0,0.0,FFFF,6,1.0
642673,Gacha_F_073,사용하면 무언가 알 수 없는 것을 획득할 수 있을 것 같습니다. 마우스 오른쪽 버튼 클릭으로 사용합니다.{nl} - 고급 아이템과 레전드 카드가 나올 확률이 일반 큐브에 비해 높습니다.,icon_item_cube_gold_first,,,,,,,,,빛나는 마군주 자우라 큐브,0,0.0,0.0,FFFF,6,1.0
642674,Gacha_F_074,사용하면 무언가 알 수 없는 것을 획득할 수 있을 것 같습니다. 마우스 오른쪽 버튼 클릭으로 사용합니다.{nl} - 고급 아이템과 레전드 카드가 나올 확률이 일반 큐브에 비해 높습니다.,icon_item_cube_gold_first,,,,,,,,,빛나는 마군주 블룻 큐브,0,0.0,0.0,FFFF,6,1.0
642675,Gacha_F_075,사용하면 무언가 알 수 없는 것을 획득할 수 있을 것 같습니다. 마우스 오른쪽 버튼 클릭으로 사용합니다.,icon_item_cube_gold_blow,,,,,,,,,마군주 미르티스 큐브,0,0.0,0.0,FFFF,6,1.0
642676,Gacha_F_076,사용하면 무언가 알 수 없는 것을 획득할 수 있을 것 같습니다. 마우스 오른쪽 버튼 클릭으로 사용합니다.,icon_item_cube_gold_blow,,,,,,,,,마군주 헬가 세르클 큐브,0,0.0,0.0,FFFF,6,1.0
642677,Gacha_F_077,사용하면 무언가 알 수 없는 것을 획득할 수 있을 것 같습니다. 마우스 오른쪽 버튼 클릭으로 사용합니다.,icon_item_cube_gold_blow,,,,,,,,,마군주 렉시퍼 큐브,0,0.0,0.0,FFFF,6,1.0
642678,Gacha_F_078,사용하면 무언가 알 수 없는 것을 획득할 수 있을 것 같습니다. 마우스 오른쪽 버튼 클릭으로 사용합니다.,icon_item_cube_gold_blow,,,,,,,,,마군주 마르녹스 큐브,0,0.0,0.0,FFFF,6,1.0
642679,Gacha_F_079,사용하면 무언가 알 수 없는 것을 획득할 수 있을 것 같습니다. 마우스 오른쪽 버튼 클릭으로 사용합니다.,icon_item_cube_gold_blow,,,,,,,,,마군주 누아엘레 큐브,0,0.0,0.0,FFFF,6,1.0
642680,Gacha_F_080,사용하면 무언가 알 수 없는 것을 획득할 수 있을 것 같습니다. 마우스 오른쪽 버튼 클릭으로 사용합니다.,icon_item_cube_gold_blow,,,,,,,,,마군주 자우라 큐브,0,0.0,0.0,FFFF,6,1.0
642681,Gacha_F_081,사용하면 무언가 알 수 없는 것을 획득할 수 있을 것 같습니다. 마우스 오른쪽 버튼 클릭으로 사용합니다.,icon_item_cube_gold_blow,,,,,,,,,마군주 블룻 큐브,0,0.0,0.0,FFFF,6,1.0
642682,Gacha_F_082,사용하면 무언가 알 수 없는 것을 획득할 수 있을 것 같습니다. 마우스 오른쪽 버튼 클릭으로 사용합니다.{nl} - 고급 아이템과 레전드 카드가 나올 확률이 일반 큐브에 비해 높습니다.,icon_item_cube_gold_first,,,,,,,,,빛나는 마군주 모링포니아 큐브,0,0.0,0.0,FFFF,6,1.0
642683,Gacha_F_083,사용하면 무언가 알 수 없는 것을 획득할 수 있을 것 같습니다. 마우스 오른쪽 버튼 클릭으로 사용합니다.,icon_item_cube_gold_blow,,,,,,,,,마군주 모링포니아 큐브,0,0.0,0.0,FFFF,6,1.0
642684,Gacha_F_084,사용하면 무언가 알 수 없는 것을 획득할 수 있을 것 같습니다. 마우스 오른쪽 버튼 클릭으로 사용합니다.{nl} - 고급 아이템과 레전드 카드가 나올 확률이 일반 큐브에 비해 높습니다.,icon_item_cube_gold_first,,,,,,,,,빛나는 마군주 모링포니아 큐브,0,0.0,0.0,FFFF,6,1.0
642685,Gacha_F_085,사용하면 무언가 알 수 없는 것을 획득할 수 있을 것 같습니다. 마우스 오른쪽 버튼 클릭으로 사용합니다.,icon_item_cube_gold_blow,,,,,,,,,마군주 모링포니아 큐브,0,0.0,0.0,FFFF,6,1.0
642686,Gacha_SKLGEM,사용하면 무작위 스킬 젬을 얻을 수 있습니다. 마우스 오른쪽 버튼 클릭으로 사용합니다.,icon_item_cube_sklgem,,,,,,,,,스킬 젬 큐브,0,0.0,0.0,FFFT,6,0.0
642701,Gacha_E_001,사용 시 임의의 재료를 획득할 수 있습니다. 마우스 오른쪽 버튼 클릭으로 사용합니다.,icon_item_cube4,,,,,,,,,수수께끼 큐브,0,0.0,0.0,FFFF,6,5.0
642702,Gacha_E_002,사용 시 임의의 재료를 획득할 수 있습니다. 마우스 오른쪽 버튼 클릭으로 사용합니다.,icon_item_cube4,,,,,,,,,반짝반짝 큐브,0,0.0,0.0,FFFF,6,5.0
642703,Gacha_E_003,사용하면 무언가 알 수 없는 것을 획득할 수 있을 것 같습니다. 마우스 오른쪽 버튼 클릭으로 사용합니다.,icon_item_cube4,,,,,,,,,살러스 큐브,0,0.0,0.0,FFFF,6,5.0
642704,Gacha_E_004,사용 시 임의의 재료를 획득할 수 있습니다. 마우스 오른쪽 버튼 클릭으로 사용합니다.,icon_item_cube4,,,,,,,,,대지의 탑 5층 큐브,0,0.0,0.0,FFFF,6,5.0
642705,Gacha_E_005,사용 시 임의의 재료를 획득할 수 있습니다. 마우스 오른쪽 버튼 클릭으로 사용합니다.,icon_item_cube4,,,,,,,,,대지의 탑 10층 큐브,0,0.0,0.0,FFFF,6,5.0
642706,Gacha_E_006,사용 시 임의의 재료를 획득할 수 있습니다. 마우스 오른쪽 버튼 클릭으로 사용합니다.,icon_item_cube4,,,,,,,,,대지의 탑 15층 큐브,0,0.0,0.0,FFFF,6,5.0
642707,Gacha_E_007,사용 시 임의의 재료를 획득할 수 있습니다. 마우스 오른쪽 버튼 클릭으로 사용합니다.,icon_item_cube4,,,,,,,,,대지의 탑 20층 큐브,0,0.0,0.0,FFFF,6,5.0
642714,Gacha_E_013,사용 시 임의의 곤충형 몬스터 카드를 획득할 수 있습니다. 마우스 오른쪽 버튼 클릭으로 사용합니다.,icon_item_cube4,,,,,,,,,카드 큐브:곤충형,0,0.0,0.0,TTFF,6,5.0
642715,Gacha_E_014,사용 시 임의의 변이형 몬스터 카드를 획득할 수 있습니다. 마우스 오른쪽 버튼 클릭으로 사용합니다.,icon_item_cube4,,,,,,,,,카드 큐브:변이형,0,0.0,0.0,TTFF,6,5.0
642716,Gacha_E_015,사용 시 임의의 식물형 몬스터 카드를 획득할 수 있습니다. 마우스 오른쪽 버튼 클릭으로 사용합니다.,icon_item_cube4,,,,,,,,,카드 큐브:식물형,0,0.0,0.0,TTFF,6,5.0
642717,Gacha_E_016,사용 시 임의의 악마형 몬스터 카드를 획득할 수 있습니다. 마우스 오른쪽 버튼 클릭으로 사용합니다.,icon_item_cube4,,,,,,,,,카드 큐브:악마형,0,0.0,0.0,TTFF,6,5.0
642718,Gacha_E_017,사용 시 임의의 야수형 몬스터 카드를 획득할 수 있습니다. 마우스 오른쪽 버튼 클릭으로 사용합니다.,icon_item_cube4,,,,,,,,,카드 큐브:야수형,0,0.0,0.0,TTFF,6,5.0
642719,Gacha_E_019,사용하면 축복받은 조각을 얻을수 있는 큐브입니다.,icon_item_cube1,,,,,,,,,(구)축복의 큐브,0,0.0,0.0,FFFF,6,5.0
642720,Gacha_E_020,사용 시 임의의 아이템을 획득할 수 있습니다.,icon_item_luckybox_gold,,,,,,,,,황금빛 상자,0,0.0,0.0,FFFF,6,0.0
642721,Gacha_E_021,사용 시 임의의 재료를 획득할 수 있습니다. 마우스 오른쪽 버튼 클릭으로 사용합니다.,icon_item_cube4,,,,,,,,,대지의 탑 25층 큐브,0,0.0,0.0,FFFF,6,5.0
642722,Gacha_E_022,사용 시 임의의 재료를 획득할 수 있습니다. 마우스 오른쪽 버튼 클릭으로 사용합니다.,icon_item_cube4,,,,,,,,,대지의 탑 30층 큐브,0,0.0,0.0,FFFF,6,5.0
642723,Gacha_E_023,사용 시 임의의 재료를 획득할 수 있습니다. 마우스 오른쪽 버튼 클릭으로 사용합니다.,icon_item_cube4,,,,,,,,,대지의 탑 35층 큐브,0,0.0,0.0,FFFF,6,5.0
642724,Gacha_E_024,사용 시 임의의 재료를 획득할 수 있습니다. 마우스 오른쪽 버튼 클릭으로 사용합니다.,icon_item_cube4,,,,,,,,,대지의 탑 40층 큐브,0,0.0,0.0,FFFF,6,5.0
642725,Gem_Gacha,"사용 시 Lv1 ~ Lv6 레드, 블루, 그린, 옐로우 젬과 몬스터 젬을 획득할 수 있습니다. 마우스 오른쪽 버튼 클릭으로 사용합니다.",icon_item_cube4,,,,,,,,,젬 뽑기,0,0.0,0.0,FFFF,6,5.0
642729,Gacha_M_Zachariel_1,사용하면 무언가 알 수 없는 것을 획득할 수 있을 것 같습니다. 마우스 오른쪽 버튼 클릭으로 사용합니다.,icon_item_cube4,,,,,,,,,살러스 큐브(왕릉),0,0.0,0.0,FFFF,6,5.0
642730,Gacha_M_Rokas_1,사용하면 무언가 알 수 없는 것을 획득할 수 있을 것 같습니다. 마우스 오른쪽 버튼 클릭으로 사용합니다.,icon_item_cube4,,,,,,,,,살러스 큐브(협곡),0,0.0,0.0,FFFF,6,5.0
642731,Gacha_M_Castle_1,사용하면 무언가 알 수 없는 것을 획득할 수 있을 것 같습니다. 마우스 오른쪽 버튼 클릭으로 사용합니다.,icon_item_cube4,,,,,,,,,살러스 큐브(캐슬),0,0.0,0.0,FFFF,6,5.0
642732,Team_Battle_Basic,팀 배틀 리그 참여 기본 보상 상자입니다. 전투에 도움이되는 아이템이 들어있습니다.,icon_item_battle_cube_1,,,,,,,,,팀 배틀 리그 보상 상자,0,0.0,0.0,FFFF,6,5.0
642733,Team_Battle_Ranking_01,팀 배틀 리그 랭킹 50위 안에 등록되어 받은 보상 상자입니다. 전투에 도움이 되는 아이템이 들어있습니다.,icon_item_battle_cube_2,,,,,,,,,팀 배틀 리그 랭킹 보상 상자,0,0.0,0.0,FFFF,6,5.0
642734,Team_Battle_Ranking_02,팀 배틀 리그 랭킹 1 ~ 3위에 등록되어 받은 보상 상자입니다. 전투에 도움이 되는 아이템이 들어있습니다.,icon_item_battle_cube_3,,,,,,,,,팀 배틀 리그 상위 랭킹 보상 상자,0,0.0,0.0,FFFF,6,5.0
642739,Gacha_Guild_Boss,길드 퀘스트 중 보스 레이드에 성공하여 획득한 보상 상자입니다.{nl} 주로 광물을 획득할 수 있습니다.,icon_item_guild_mission_box,,,,,,,,,길드 퀘스트 보상: 보스 레이드,0,0.0,0.0,FFFT,6,0.0
642740,Gacha_Guild_Mission,길드 퀘스트 중 미션에 성공하여 획득한 보상 상자입니다.{nl} 주로 씨앗을 획득할 수 있습니다.,icon_item_guild_raid_box,,,,,,,,,길드 퀘스트 보상: 미션,0,0.0,0.0,FFFT,6,0.0
642741,Gacha_Guild_Mission_Hair,길드 퀘스트 중 미션에 성공하여 획득한 추가 보상 상자입니다. {nl} 헤어 악세서리를 얻을 수 있습니다.,gacha_h_012,,,,,,,,,길드 퀘스트 보상: 헤어 악세서리,0,0.0,0.0,FFFT,6,0.0
642742,Gacha_Earthtower_001,사용 시 임의의 재료를 획득할 수 있습니다. 마우스 오른쪽 버튼 클릭으로 사용합니다.,icon_item_cube_gold_blow,,,,,,,,,응축된 대지의 탑 5층 큐브,0,0.0,0.0,FFFF,6,5.0
642743,Gacha_Earthtower_002,사용 시 임의의 재료를 획득할 수 있습니다. 마우스 오른쪽 버튼 클릭으로 사용합니다.,icon_item_cube_gold_blow,,,,,,,,,응축된 대지의 탑 10층 큐브,0,0.0,0.0,FFFF,6,5.0
642744,Gacha_Earthtower_003,사용 시 임의의 재료를 획득할 수 있습니다. 마우스 오른쪽 버튼 클릭으로 사용합니다.,icon_item_cube_gold_blow,,,,,,,,,응축된 대지의 탑 15층 큐브,0,0.0,0.0,FFFF,6,5.0
642745,Gacha_Earthtower_004,사용 시 임의의 재료를 획득할 수 있습니다. 마우스 오른쪽 버튼 클릭으로 사용합니다.,icon_item_cube_gold_blow,,,,,,,,,응축된 대지의 탑 20층 큐브,0,0.0,0.0,FFFF,6,5.0
642746,Gacha_Earthtower_005,사용 시 임의의 재료를 획득할 수 있습니다. 마우스 오른쪽 버튼 클릭으로 사용합니다.,icon_item_cube_gold_blow,,,,,,,,,응축된 대지의 탑 25층 큐브,0,0.0,0.0,FFFF,6,5.0
642747,Gacha_Earthtower_006,사용 시 임의의 재료를 획득할 수 있습니다. 마우스 오른쪽 버튼 클릭으로 사용합니다.,icon_item_cube_gold_blow,,,,,,,,,응축된 대지의 탑 30층 큐브,0,0.0,0.0,FFFF,6,5.0
642748,Gacha_Earthtower_007,사용 시 임의의 재료를 획득할 수 있습니다. 마우스 오른쪽 버튼 클릭으로 사용합니다.,icon_item_cube_gold_blow,,,,,,,,,응축된 대지의 탑 35층 큐브,0,0.0,0.0,FFFF,6,5.0
642749,Gacha_Earthtower_008,사용 시 임의의 재료를 획득할 수 있습니다. 마우스 오른쪽 버튼 클릭으로 사용합니다.,icon_item_cube_gold_blow,,,,,,,,,응축된 대지의 탑 40층 큐브,0,0.0,0.0,FFFF,6,5.0
642750,Gacha_Ability_Potion_Box,길드 퀘스트 중 미션에 성공하여 획득한 추가 보상 상자입니다. {nl}특별한 효과를 가진 포션 제작서를 얻을 수 있습니다.,icon_item_ability_potion_box,,,,,,,,,길드 퀘스트 보상: 특수 포션,0,0.0,0.0,FFFT,6,0.0
642751,Gacha_E_025,사용하면 축복받은 조각을 얻을수 있는 큐브입니다.,icon_item_cube1,,,,,,,,,축복의 큐브,0,0.0,0.0,FFFF,6,5.0
642752,Gacha_E_026,수녀 아이스테의 감사 선물입니다. 개봉시 축복받은 조각 2개를 얻을 수 있는 큐브입니다. {nl} - 1일 3회 획득 가능,icon_item_jewelrybox_close,,,,,,,,,수녀 아이스테의 감사 선물,0,0.0,0.0,FFFF,6,5.0
642762,Seal_box_Care_01,[보상용] 보루타 인장 - 소드맨 상자 사용시 보루타 인장 - 소드맨 얻을 수 있습니다.,icon_item_jewelrybox_close,,,,,,,,,[보상용] 보루타 인장 - 소드맨 상자,0,0.0,0.0,FFFF,6,5.0
642763,Seal_box_Care_02,[보상용] 보루타 인장 - 위저드 상자 사용시 보루타 인장 - 위저드 얻을 수 있습니다.,icon_item_jewelrybox_close,,,,,,,,,[보상용] 보루타 인장 - 위저드 상자,0,0.0,0.0,FFFF,6,5.0
642764,Seal_box_Care_03,[보상용] 보루타 인장 - 클레릭 상자 사용시 보루타 인장 - 클레릭 얻을 수 있습니다.,icon_item_jewelrybox_close,,,,,,,,,[보상용] 보루타 인장 - 클레릭 상자,0,0.0,0.0,FFFF,6,5.0
642765,Seal_box_Care_04,[보상용] 보루타 인장 - 아처 상자 사용시 보루타 인장 - 아처 얻을 수 있습니다.,icon_item_jewelrybox_close,,,,,,,,,[보상용] 보루타 인장 - 아처 상자,0,0.0,0.0,FFFF,6,5.0
642766,Seal_box_Care_05,[보상용] 보루타 인장 - 스카우트 상자 사용시 보루타 인장 - 스카우트 얻을 수 있습니다.,icon_item_jewelrybox_close,,,,,,,,,[보상용] 보루타 인장 - 스카우트 상자,0,0.0,0.0,FFFF,6,5.0
642767,Seal_box_Care_06,[보상용] 이레디안 인장 - 소드맨 상자 사용시 이레디안 인장 - 소드맨 얻을 수 있습니다.,icon_item_jewelrybox_close,,,,,,,,,[보상용] 이레디안 인장 - 소드맨 상자,0,0.0,0.0,FFFF,6,5.0
642768,Seal_box_Care_07,[보상용] 이레디안 인장 - 위저드 상자 사용시 이레디안 인장 - 위저드 얻을 수 있습니다.,icon_item_jewelrybox_close,,,,,,,,,[보상용] 이레디안 인장 - 위저드 상자,0,0.0,0.0,FFFF,6,5.0
642769,Seal_box_Care_08,[보상용] 이레디안 인장 - 클레릭 상자 사용시 이레디안 인장 - 클레릭 얻을 수 있습니다.,icon_item_jewelrybox_close,,,,,,,,,[보상용] 이레디안 인장 - 클레릭 상자,0,0.0,0.0,FFFF,6,5.0
642770,Seal_box_Care_09,[보상용] 이레디안 인장 - 아처 상자 사용시 이레디안 인장 - 아처 얻을 수 있습니다.,icon_item_jewelrybox_close,,,,,,,,,[보상용] 이레디안 인장 - 아처 상자,0,0.0,0.0,FFFF,6,5.0
642771,Seal_box_Care_10,[보상용] 이레디안 인장 - 스카우트 상자 사용시 이레디안 인장 - 스카우트 얻을 수 있습니다.,icon_item_jewelrybox_close,,,,,,,,,[보상용] 이레디안 인장 - 스카우트 상자,0,0.0,0.0,FFFF,6,5.0
642772,Seal_box_boruta01,보루타 인장 - 소드맨 상자 사용시 보루타 인장 - 소드맨 얻을 수 있습니다.,icon_item_jewelrybox_close,,,,,,,,,보루타 인장 - 소드맨 상자,0,0.0,0.0,FFFF,6,5.0
642773,Seal_box_boruta02,보루타 인장 - 위저드 상자 사용시 보루타 인장 - 위저드 얻을 수 있습니다.,icon_item_jewelrybox_close,,,,,,,,,보루타 인장 - 위저드 상자,0,0.0,0.0,FFFF,6,5.0
642774,Seal_box_boruta03,보루타 인장 - 클레릭 상자 사용시 보루타 인장 - 클레릭 얻을 수 있습니다.,icon_item_jewelrybox_close,,,,,,,,,보루타 인장 - 클레릭 상자,0,0.0,0.0,FFFF,6,5.0
642775,Seal_box_boruta04,보루타 인장 - 아처 상자 사용시 보루타 인장 - 아처 얻을 수 있습니다.,icon_item_jewelrybox_close,,,,,,,,,보루타 인장 - 아처 상자,0,0.0,0.0,FFFF,6,5.0
642776,Seal_box_boruta05,보루타 인장 - 스카우트 상자 사용시 보루타 인장 - 스카우트 얻을 수 있습니다.,icon_item_jewelrybox_close,,,,,,,,,보루타 인장 - 스카우트 상자,0,0.0,0.0,FFFF,6,5.0
642777,Selectbox_Weapon_MoringPonia,모링포니아 유니크 무기중 1개를 선택 할 수 있습니다. 마우스 오른쪽 버튼 클릭으로 사용합니다.{nl}선택시 변경 불가능합니다.,icon_item_moth_weapon_selectbox,,,,,,,,,모링포니아 유니크 무기 선택 상자,0,0.0,0.0,FFFT,6,0.0
642778,Selectbox_Armor_MoringPonia,모링포니아 유니크 방어구중 1개를 선택 할 수 있습니다. 마우스 오른쪽 버튼 클릭으로 사용합니다.{nl}선택시 변경 불가능합니다.,icon_item_moth_armor_selectbox,,,,,,,,,모링포니아 유니크 방어구 선택 상자,0,0.0,0.0,FFFT,6,0.0
642779,Legend_Misc_Moringponia_Box,사용시 모링포니아의 왕관 10개를 획득 할 수 있습니다. 오른쪽 버튼 클릭으로 사용합니다.,icon_item_legend_misc_moringponia_box,,,,,,,,,모링포니아 왕관 보관함,0,0.0,0.0,FFFF,6,5.0
642780,Legend_HiddenAbility_Piece_Box,우클릭으로 사용시 신비한 서 낱장 10장을 얻을 수 있습니다.,icon_item_paper_box01,,,,,,,,,신비한 서 묶음 (x 10),0,0.0,0.0,FFFF,6,5.0
642782,txbox_MoringPonia_set,사용시 다음 아이템을 모두 획득할 수 있습니다.{nl} - 모링포니아 유니크 무기 선택 상자{nl} - 모링포니아 유니크 방어구 선택 상자{nl}마우스 오른쪽 버튼 클릭으로 사용합니다.,icon_item_moth_armor_selectbox,,,,,,,,,모링포니아 유니크 장비 세트 상자,0,0.0,0.0,FFFT,6,0.0
642783,txbox_MoringPonia_set_crown,사용시 다음 아이템을 모두 획득할 수 있습니다.{nl} - 모링포니아 유니크 무기 선택 상자{nl} - 모링포니아 유니크 방어구 선택 상자{nl} - 모링포니아 왕관 x1{nl}마우스 오른쪽 버튼 클릭으로 사용합니다.,icon_item_moth_setbox,,,,,,,,,모링포니아 유니크 특별 세트 상자,0,0.0,0.0,FFFT,6,0.0
642784,Legend_HiddenAbility_Piece_Box_set,"사용시 다음 아이템을 모두 획득할 수 있습니다.{nl} - 신비한 서 낱장 x10{nl} - 특성 포인트 10,000 x3{nl}마우스 오른쪽 버튼 클릭으로 사용합니다.",icon_item_paper_ability_setbox,,,,,,,,,신비한 서 묶음 특별 세트 상자,0,0.0,0.0,FFFF,6,5.0
642785,WeeklyBossFBCubeBox,사용시 다음 아이템중 하나를 선택하여 획득할 수 있습니다.{nl} - 빛나는 마군주 미르티스 큐브{nl} - 빛나는 마군주 헬가 세르클 큐브{nl} - 빛나는 마군주 렉시퍼 큐브{nl} - 빛나는 마군주 마르녹스 큐브{nl} - 빛나는 마군주 누아엘레 큐브{nl} - 빛나는 마군주 자우라 큐브{nl} - 빛나는 마군주 블룻 큐브,icon_item_reset_box,,,,,,,,,빛나는 마군주 큐브 상자,0,0.0,0.0,FFFT,6,0.0
642786,WeeklyBossLegendMiscCube,주간 보스를 저지하는데 기여한 자에게 주어지는 보상입니다. 사용 시 다음 아이템 중 1종을 확률적으로 획득합니다.{nl} - 영예의 훈장 : 보루타 1개{nl} - 영예의 훈장 : 보루타 2개{nl} - 영예의 훈장 : 보루타 3개{nl} {nl}사용 시 낮은 확률로 아래 아이템을 추가로 획득합니다.{nl} - 아키스톤 - 조화 1개,icon_item_royalbox,,,,,,,,,주간 보스 레이드 큐브,0,0.0,0.0,FFFT,6,0.0
642787,DraconasMiscCube,구원자들을 지원하기 위한 보급품이 담겨져 있습니다. 케도라 상단에 의해 급히 발주되었습니다.{nl}용병단 증표로 교환 가능합니다.{nl} {nl}사용 시 확률에 따라 아래 아이템 중 하나를 획득합니다.{nl} - 제작서 - 파시우테스 네클리스{nl} - 제작서 - 아티카 네클리스{nl} - 프레디 네클리스{nl} - 제작서 - 파시우테스 브레이슬릿{nl} - 제작서 - 아티카 브레이슬릿{nl} - 프레디 브레이슬릿{nl} - 제작서 - 리느키 시트 네클리스{nl} - 제작서 - 메이스트라 네클리스{nl} - 피르메스 네클리스{nl} - 제작서 - 리느키 시트 브레이슬릿{nl} - 제작서 - 메이스트라 브레이슬릿{nl} - 피르메스 브레이슬릿{nl} - 제작서 - 프리에노 네클리스{nl} - 제작서 - 마노시르디 네클리스{nl} - 제작서 - 프리에노 브레이슬릿{nl} - 제작서 - 마노시르디 브레이슬릿{nl} - 제작서 - 카이트 무어 네클리스{nl} - 제작서 - 스비에스 네클리스{nl} - 제작서 - 카이트 무어 브레이슬릿{nl} - 제작서 - 스베이스 브레이슬릿{nl} - 지르콘{nl} - 이실딘 광석,icon_item_eventcube1,,,,,,,,,케도라 상단의 특별 장신구 큐브,0,0.0,0.0,FFFT,6,0.0
642788,Selectbox_LegendCardEP11,사용 시 다음 아이템 중 하나를 무작위로 획득합니다.{nl} - 마군주 모링포니아 카드 1개{nl} - 분노한 머즈루스 카드 1개{nl} - 해방된 스키아클립스 카드 1개,icon_item_legendcardenvelope,,,,,,,,,여신의 가호 레전드 카드 봉투,0,0.0,0.0,TFFT,6,0.0
642789,Legend_HiddenAbility_Piece_GreatBox,사용 시 다음 아이템을 획득합니다.{nl} - 신비한 서 낱장 x100,icon_item_paper_box01,,,,,,,,,신비한 서 묶음 (x 100),0,0.0,0.0,FFFT,6,0.0
642790,LegendMiscRandomBox,사용 시 다음 아이템 중 하나를 무작위로 획득합니다.{nl} - 아키스톤 - 열의 1개{nl} - 아키스톤 - 순환 1개{nl} - 아키스톤 - 정의 1개{nl} - 아키스톤 - 조화 1개,icon_item_eventcube3,,,,,,,,,아키스톤 큐브,0,0.0,0.0,TFFT,6,0.0
642791,Premium_MysticAndMasterGlass,사용 시 다음 아이템을 모두 획득합니다.{nl} - 신비한 돋보기 1개{nl} - 장인의 돋보기 1개,icon_item_magnifier_blue_and_red,,,,,,,,,신비한 돋보기 번들,0,0.0,0.0,FFFT,6,0.0
642792,PCbang_Legend_HiddenAbility_Piece_GreatBox,사용 시 다음 아이템을 획득합니다.{nl} - 신비한 서 낱장 x100,icon_item_paper_box01,,,,,,,,,[PC방] 신비한 서 묶음 (x 100),0,0.0,0.0,FFFT,6,0.0
642793,PCbang_legend_misc_card_box,사용 시 다음 아이템을 획득합니다.{nl} - 레전드 강화용 카드 x4,icon_item_legendcard_fragment_s,,,,,,,,,[PC방] 레전드 강화용 카드 상자,0,0.0,0.0,FFFT,6,0.0
642794,PCbang_legend_ExpPotion,사용 시 다음 아이템을 획득합니다.{nl} - 완성된 파모카 시약병 x40,item_icon_pamocan_set01,,,,,,,,,[PC방] 파모카 시약병 상자 II,0,0.0,0.0,FFFT,6,0.0
642801,Gacha_G_001,사용하면 무언가 알 수 없는 것을 획득할 수 있을 것 같습니다. 마우스 오른쪽 버튼 클릭으로 사용합니다.,icon_item_cube1,,,,,,,,,칼레이마스 큐브,0,0.0,0.0,FFFF,6,5.0
642802,Gacha_G_002,사용하면 무언가 알 수 없는 것을 획득할 수 있을 것 같습니다. 마우스 오른쪽 버튼 클릭으로 사용합니다.,icon_item_cube1,,,,,,,,,시카리오스 큐브,0,0.0,0.0,FFFF,6,5.0
642803,Gacha_G_003,사용하면 무언가 알 수 없는 것을 획득할 수 있을 것 같습니다. 마우스 오른쪽 버튼 클릭으로 사용합니다.,icon_item_cube1,,,,,,,,,숲의 큐브,0,0.0,0.0,FFFF,6,5.0
642804,Gacha_G_004,사용하면 무언가 알 수 없는 것을 획득할 수 있을 것 같습니다. 마우스 오른쪽 버튼 클릭으로 사용합니다.,icon_item_cube1,,,,,,,,,(구)아트톡의 자재상자,0,0.0,0.0,FFFF,6,5.0
642805,Gacha_G_005,사용하면 무언가 알 수 없는 것을 획득할 수 있을 것 같습니다. 마우스 오른쪽 버튼 클릭으로 사용합니다.,icon_item_cube1,,,,,,,,,아트톡의 잡동사니 상자,0,0.0,0.0,FFFF,6,5.0
642806,Gacha_G_006,사용하면 무언가 알 수 없는 것을 획득할 수 있을 것 같습니다. 마우스 오른쪽 버튼 클릭으로 사용합니다.,icon_item_cube1,,,,,,,,,아트톡의 의문의 상자,0,0.0,0.0,FFFF,6,5.0
642807,Gacha_G_007,사용하면 무언가 알 수 없는 것을 획득할 수 있을 것 같습니다. 마우스 오른쪽 버튼 클릭으로 사용합니다.,icon_item_cube1,,,,,,,,,아트톡의 큐브,0,0.0,0.0,FFFF,6,5.0
642808,Gacha_G_008,사용하면 무언가 알 수 없는 것을 획득할 수 있을 것 같습니다. 마우스 오른쪽 버튼 클릭으로 사용합니다.,icon_item_cube1,,,,,,,,,사우시스 큐브,0,0.0,0.0,FFFF,6,5.0
642809,Gacha_G_009,무언가 특별한 것을 얻기 위해 사용될 것 같습니다. 마우스 오른쪽 버튼 클릭으로 사용합니다.{nl}획득 아이템 목록{nl} - 프락토늄 1개 {nl} - 미스릴 20개 {nl} - LV4 케이스타스 회복 포션 20개,icon_item_jewelrybox_close,,,,,,,,[3030],신비한 상자,0,0.0,0.0,FFFF,6,0.0
642810,Gacha_G_010,"제대로 안정되지 않은, 매우 불안정한 큐브입니다. 다시 최초의 성질로 돌아가려는 움직임이 있습니다. {nl}획득 아이템 목록{nl} - 프락토늄 1개 {nl} - 미스릴 20개 {nl} - LV4 케이스타스 회복 포션 20개",icon_item_eventbox_gem,,,,,,,,,불안정한 큐브,0,0.0,18000.0,FFFF,6,1.0
642811,Gacha_G_011,무언가 특별한 것을 얻기 위해 사용될 것 같습니다. 마우스 오른쪽 버튼 클릭으로 사용합니다.{nl}획득 아이템 목록{nl} - 프락토늄 1개 {nl} - 미스릴 20개 {nl} - LV4 케이스타스 회복 포션 20개,icon_item_jewelrybox_close,,,,,,,,,신비한 상자,0,0.0,0.0,FFFF,6,0.0
642812,Gacha_G_012,"제대로 안정되지 않은, 매우 불안정한 큐브입니다. 다시 최초의 성질로 돌아가려는 움직임이 있습니다. {nl}획득 아이템 목록{nl} - 프락토늄 1개 {nl} - 미스릴 20개 {nl} - LV4 케이스타스 회복 포션 20개",icon_item_eventbox_gem,,,,,,,,,불안정한 큐브,0,0.0,18000.0,FFFF,6,1.0
642813,Gacha_G_013,"제작서로 만들어, 종이로 된 큐브입니다.사용 시 임의의 제작서를 획득할 수 있습니다. 마우스 오른쪽 클릭으로 사용 가능합니다.",icon_item_paperbox,,,,,,,,"[40001, 40002, 40003, 40004, 40005, 40006, 40007, 40008, 40009, 40010, 40011, 40012, 40013, 40014, 40017, 40037]",종이로 된 큐브,0,0.0,0.0,FFFF,6,0.0
642814,Gacha_H_001,"보코르 마스터로부터 얻은 큐브. 사용 시 파사카 협곡 컬렉션에 들어가는 아이템이나, 갈르엣 평야 컬렉션에 들어가는 아이템을 획득할 수 있습니다. 마우스 오른쪽 버튼 클릭으로 사용합니다.",icon_item_cube4,,,,,,,,,첫 번째 콜렉시아 큐브,0,0.0,0.0,FFFF,6,5.0
642815,Gacha_H_002,"메리사로부터 얻은 큐브. 사용 시 마나하스 컬렉션에 들어가는 아이템이나, 게나르 평원 컬렉션에 들어가는 아이템을 획득할 수 있습니다. 마우스 오른쪽 버튼 클릭으로 사용합니다.",icon_item_cube4,,,,,,,,,두 번째 콜렉시아 큐브,0,0.0,0.0,FFFF,6,5.0
642816,Gacha_H_003,"사제 다람으로부터 얻은 큐브. 사용 시 대회랑 컬렉션에 들어가는 아이템이나, 본당 컬렉션에 들어가는 아이템을 획득할 수 있습니다. 마우스 오른쪽 버튼 클릭으로 사용합니다.",icon_item_cube4,,,,,,,,,세 번째 콜렉시아 큐브,0,0.0,0.0,FFFF,6,5.0
642817,Gacha_H_004,"하카펠 마스터로부터 얻은 큐브. 사용 시 이스토라 유적지 컬렉션에 들어가는 아이템이나, 누오로딘 폭포 컬렉션에 들어가는 아이템을 획득할 수 있습니다. 마우스 오른쪽 버튼 클릭으로 사용합니다.",icon_item_cube4,,,,,,,,,네 번째 콜렉시아 큐브,0,0.0,0.0,FFFF,6,5.0
642818,Gacha_H_005,"워록 마스터로부터 얻은 큐브. 사용 시 모크슬 묘실 컬렉션에 들어가는 아이템이나, 바이덴티스 신당 컬렉션에 들어가는 아이템, 리티니스 지하묘 컬렉션에 들어가는 아이템을 획득할 수 있습니다. 마우스 오른쪽 버튼 클릭으로 사용합니다.",icon_item_cube4,,,,,,,,,다섯 번째 콜렉시아 큐브,0,0.0,0.0,FFFF,6,5.0
642819,Gacha_H_006,"루시엔 윈터스푼으로부터 얻은 큐브. 사용 시 나하스 숲 컬렉션에 들어가는 아이템이나, 베라 연안 컬렉션에 들어가는 아이템을 획득할 수 있습니다. 마우스 오른쪽 버튼 클릭으로 사용합니다.",icon_item_cube4,,,,,,,,,여섯 번째 콜렉시아 큐브,0,0.0,0.0,FFFF,6,5.0
642820,Gacha_H_007,"마을 주민 던컨으로부터 얻은 큐브. 사용 시 엘고스 수도원 별관 컬렉션에 들어가는 아이템이나, 엘고스 수도원 본원 컬렉션에 들어가는 아이템을 획득할 수 있습니다. 마우스 오른쪽 버튼 클릭으로 사용합니다.",icon_item_cube4,,,,,,,,,일곱 번째 콜렉시아 큐브,0,0.0,0.0,FFFF,6,5.0
642821,Gacha_H_008,"가트레로부터 얻은 큐브. 사용 시 바르하 숲 컬렉션에 들어가는 아이템이나, 알레멧 숲 컬렉션에 들어가는 아이템을 획득할 수 있습니다. 마우스 오른쪽 버튼 클릭으로 사용합니다.",icon_item_cube4,,,,,,,,,여덟 번째 콜렉시아 큐브,0,0.0,0.0,FFFF,6,5.0
642822,Gacha_H_009,병사 하일른으로부터 얻은 큐브.사용 시 이브레 고원 컬렉션에 들어가는 아이템을 획득할 수 있습니다. 마우스 오른쪽 버튼 클릭으로 사용합니다.,icon_item_cube4,,,,,,,,,아홉 번째 콜렉시아 큐브,0,0.0,0.0,FFFF,6,5.0
642823,Gacha_H_010,"어려움에 처한 사람들을 도와준 보답으로서 받은 주머니. 사용 시, 여러 재료 아이템 중 하나를 획득할 수 있습니다. 마우스 오른쪽 버튼 클릭으로 사용합니다.",gacha_h_010,,,,,,,,,작은 보답의 주머니,0,0.0,0.0,FFFF,6,5.0
642824,Gacha_H_011,"어려움에 처한 사람들을 많이 도와준 보답으로서 받은 상자. 사용 시, 여러 재료 아이템 중 하나를 획득할 수 있습니다. 마우스 오른쪽 버튼 클릭으로 사용합니다.",gacha_h_011,,,,,,,,,따뜻함을 담은 상자,0,0.0,0.0,FFFF,6,5.0
642825,Gacha_H_012,"어려움에 처한 사람들을 열심히 도와준 보답으로서 받은 특별한 상자. 사용 시, 여러 재료 아이템 중 하나를 획득할 수 있습니다. 마우스 오른쪽 버튼 클릭으로 사용합니다.",gacha_h_012,,,,,,,,,상냥함이 가득한 상자,0,0.0,0.0,FFFF,6,5.0
642826,Gacha_G_014,사용하면 무언가 알 수 없는 것을 획득할 수 있을 것 같습니다. 마우스 오른쪽 버튼 클릭으로 사용합니다.,icon_item_cube1,,,,,,,,,아트톡의 자재상자,0,0.0,0.0,FFFF,6,5.0
642827,Ruby_Moru_Box,무언가 특별한 것을 얻기 위해 사용될 것 같습니다. 마우스 오른쪽 버튼 클릭으로 사용합니다. 루비 모루 x 10개,icon_item_moringponia_rubymoru_box,,,,,,,,,모링 포니아: 루비 모루 상자,0,0.0,0.0,FFFF,6,0.0
642901,Gacha_I_001,사용하면 무언가 알 수 없는 것을 획득할 수 있을 것 같습니다. 마우스 오른쪽 버튼 클릭으로 사용합니다.,icon_item_cube2,,,"[645268, 644046, 645485, 645257, 649203, 649216, 102106, 102107, 142102, 162102, 182102, 202101, 222113]",,,,,,섀도게일러의 큐브,0,0.0,0.0,FFFF,6,5.0
642902,Gacha_I_002,사용하면 무언가 알 수 없는 것을 획득할 수 있을 것 같습니다. 마우스 오른쪽 버튼 클릭으로 사용합니다.,icon_item_cube2,,,"[490108, 645268, 644131, 649004, 202109, 33028, 34027, 649217, 649207, 490035, 102138, 122134, 142133, 162136, 182132, 202135, 222118, 242130, 252125, 272133, 302105, 312106, 321005, 10095, 11084, 14089, 15084, 16089, 17069, 18055, 13088, 19021, 21006, 12087, 20010, 37010, 31056, 31021, 18034, 12020]",,,,,,대마법사 파이어로드의 큐브,0,0.0,0.0,FFFF,6,5.0
642903,Gacha_I_003,사용하면 무언가 알 수 없는 것을 획득할 수 있을 것 같습니다. 마우스 오른쪽 버튼 클릭으로 사용합니다.,icon_item_cube2,,,"[490108, 645268, 644093, 649004, 202109, 33028, 34027, 649217, 649207, 32010, 10089, 13082, 15078, 16083, 18049, 19015, 11081, 12084, 14086, 17066, 490035, 532188, 532189, 522188, 522189, 512188, 512189, 502188, 502189, 602115, 102150, 122150, 142150, 162150, 182150, 202150, 242150, 252150, 272150, 312111]",,,,,,파수견 켈베로스의 큐브,0,0.0,0.0,FFFF,6,5.0
642904,Gacha_I_004,사용하면 무언가 알 수 없는 것을 획득할 수 있을 것 같습니다. 마우스 오른쪽 버튼 클릭으로 사용합니다.,icon_item_cube2,,,"[490108, 645268, 644022, 649217, 649207, 273104, 36002, 649203, 490035, 102122, 122118, 142117, 162120, 182116, 202118, 242114, 252111, 272117, 312101]",,,,,,마인로더의 큐브,0,0.0,0.0,FFFF,6,5.0
642905,Gacha_I_005,사용하면 무언가 알 수 없는 것을 획득할 수 있을 것 같습니다. 마우스 오른쪽 버튼 클릭으로 사용합니다.,icon_item_cube2,,,"[490108, 645268, 644080, 649217, 649207, 33025, 36002, 649203, 490035, 583102, 643501, 643502, 643503, 643504, 17023, 532184, 532185, 532186, 522184, 522185, 522186, 512184, 512185, 512186, 502184, 502185, 502186]",,,,,,주황 하르피아의 큐브,0,0.0,0.0,FFFF,6,5.0
642906,Gacha_I_006,사용하면 무언가 알 수 없는 것을 획득할 수 있을 것 같습니다. 마우스 오른쪽 버튼 클릭으로 사용합니다.,icon_item_cube2,,,"[490108, 645268, 644025, 11024, 15022, 14023, 16021, 15023, 20004, 11078, 12081, 14083, 17063, 10092, 13085, 15081, 16086, 18052, 19018, 490035, 10095, 11084, 14089, 15084, 16089, 17069, 18055, 13088, 19021, 21006, 19021, 21006, 12087, 20010, 37010, 31056]",,,,,,맨티켄의 큐브,0,0.0,0.0,FFFF,6,5.0
642907,Gacha_I_007,사용하면 무언가 알 수 없는 것을 획득할 수 있을 것 같습니다. 마우스 오른쪽 버튼 클릭으로 사용합니다.,icon_item_cube2,,,"[490108, 645268, 644009, 31019, 649203, 649207, 113001, 490035, 643501, 643502, 643503, 643504, 645485, 645257, 645259, 33016, 33017, 582121, 582122, 602105, 34017]",,,,,,사악한 네크로벤터의 큐브,0,0.0,0.0,FFFF,6,5.0
642908,Gacha_I_008,사용하면 무언가 알 수 없는 것을 획득할 수 있을 것 같습니다. 마우스 오른쪽 버튼 클릭으로 사용합니다.,icon_item_cube2,,,"[644033, 490108, 645268, 31021, 18034, 12020, 645257, 490035, 102150, 122150, 142150, 162150, 182150, 202150, 242150, 252150, 272150, 312111]",,,,,,몰렉의 큐브,0,0.0,0.0,FFFF,6,5.0
642909,Gacha_I_009,사용하면 무언가 알 수 없는 것을 획득할 수 있을 것 같습니다. 마우스 오른쪽 버튼 클릭으로 사용합니다.,icon_item_cube2,,,"[490108, 645268, 644102, 33029, 31045, 490035, 643501, 643502, 643503, 643504, 645634, 645625, 645446]",,,,,,리테리스의 큐브,0,0.0,0.0,FFFF,6,5.0
642910,Gacha_I_010,사용하면 무언가 알 수 없는 것을 획득할 수 있을 것 같습니다. 마우스 오른쪽 버튼 클릭으로 사용합니다.,icon_item_cube2,,,"[490108, 645268, 644134, 16024, 223106, 490035, 33067, 532178, 532179, 532180, 522178, 522179, 522180, 512178, 512179, 512180, 502178, 502179, 502180, 11073, 12075, 14077, 17057]",,,,,,플람미두스의 큐브,0,0.0,0.0,FFFF,6,5.0
642911,Gacha_I_011,사용하면 무언가 알 수 없는 것을 획득할 수 있을 것 같습니다. 마우스 오른쪽 버튼 클릭으로 사용합니다.,icon_item_cube2,,,"[490108, 645268, 10083, 11072, 12074, 13075, 14076, 15071, 16076, 17056, 18042, 649004, 490035, 30372, 30376, 30380, 30371, 30375, 30379, 30370, 30374, 30378, 30369, 30373, 30377, 645485, 645257, 645259, 102137, 122133, 142132, 162135, 182131, 202134, 242129, 272132, 302104, 312105]",,,,,,래밴자드의 큐브,0,0.0,0.0,FFFF,6,5.0
642912,Gacha_I_012,사용하면 무언가 알 수 없는 것을 획득할 수 있을 것 같습니다. 마우스 오른쪽 버튼 클릭으로 사용합니다.,icon_item_cube2,,,,,,,,,꿰뚫어버리는 맨티켄의 큐브,0,0.0,0.0,FFFF,6,5.0
642913,Gacha_I_013,사용하면 무언가 알 수 없는 것을 획득할 수 있을 것 같습니다. 마우스 오른쪽 버튼 클릭으로 사용합니다.,icon_item_cube2,,,"[504117, 490108, 645268, 30527, 30528, 30529, 30530, 30531, 30532, 30533, 30534, 30535, 30536, 30537, 30538, 490035, 643501, 643502, 643503, 643504, 645634, 645485, 645257, 645259]",,,,,,라페네의 큐브,0,0.0,0.0,FFFF,6,5.0
642914,Gacha_I_014,사용하면 무언가 알 수 없는 것을 획득할 수 있을 것 같습니다. 마우스 오른쪽 버튼 클릭으로 사용합니다.,icon_item_cube2,,,"[645268, 645268, 10096, 11085, 12088, 31057, 17070, 18060, 32014, 13089, 19022]",,,,,,아르마오스의 큐브,0,0.0,0.0,FFFF,6,5.0
642915,Gacha_I_015,사용하면 무언가 알 수 없는 것을 획득할 수 있을 것 같습니다. 마우스 오른쪽 버튼 클릭으로 사용합니다.,icon_item_cube2,,,"[645268, 645268, 14090, 15085, 16090, 20011, 37011, 21007, 644033, 644102, 40035]",,,,,,붉은 래밴자드의 큐브,0,0.0,0.0,FFFF,6,5.0
642916,Gacha_I_016,사용하면 무언가 알 수 없는 것을 획득할 수 있을 것 같습니다. 마우스 오른쪽 버튼 클릭으로 사용합니다.,icon_item_cube_gold_blow,,,"[649029, 649029, 680000, 680000, 105102, 125102, 145102, 165102, 185102, 205102, 210504, 245102, 255102, 115102, 275102, 315102, 325102, 335102, 305102, 225102, 535104, 535105, 535106, 525104, 525105, 525106, 515104, 515105, 515106, 505104, 505105, 505106, 19004, 633093, 584109, 584110, 604107, 604108, 644909, 695001]",,,,,,(구) 벨코퍼 큐브,0,0.0,0.0,FFFF,6,5.0
642917,Gacha_ID_330,첫 번째 피난처 레이드 던전을 클리어하여 받은 보상입니다.,icon_item_cube5,,,,,,,,,(구) 첫 번째 피난처 레이드 던전 큐브,0,0.0,0.0,FFFF,6,1.0
642918,Gacha_ID_50,성당 지하 던전을 클리어하여 받은 보상입니다.,icon_item_cube2,,,"[490108, 645268, 31019, 649203, 649207, 113001, 490035, 643501, 643502, 643503, 643504, 645485, 645257, 645259, 33016, 33017, 582121, 582122, 602105, 34017, 644046, 649216, 102106, 102107, 142102, 162102, 182102, 202101, 222113, 36002, 601140, 581146]",,,,,,(구)성당 지하 던전 큐브,0,0.0,0.0,FFFF,6,1.0
642919,Gacha_ID_120,폐허 유적지 던전을 클리어하여 받은 보상입니다.,icon_item_cube2,,,"[490108, 645268, 644009, 649203, 649207, 490035, 643501, 643502, 643503, 643504, 645485, 645257, 645259, 273104, 33025, 583102, 16024, 223106, 33067, 532178, 532179, 532180, 522178, 522179, 522180, 512178, 512179, 512180, 502178, 502179, 502180, 11073, 12075, 14077, 17057, 10083, 11072, 12074, 13075, 14076, 15071, 16076, 17056, 18042, 33064, 34059]",,,,,,(구)폐허 유적지 던전 큐브,0,0.0,0.0,FFFF,6,1.0
642920,Gacha_ID_180,염원의 비석로 던전을 클리어하여 받은 보상입니다.,icon_item_cube2,,,"[490108, 645268, 644134, 490035, 11024, 15022, 14023, 16021, 15023, 20004, 11078, 12081, 14083, 17063, 10092, 13085, 15081, 16086, 18052, 19018, 202109, 33028, 34027, 31021, 18034, 12020, 32010, 10089, 13082, 15078, 16083, 18049, 19015, 11081, 12084, 14086, 17066, 102122, 122118, 142117, 162120, 182116, 202118, 242114, 252111, 272117, 312101, 17023, 532184, 532185, 532186, 522184, 522185, 522186, 512184, 512185, 512186, 502184, 502185, 502186, 33029, 31045, 30372, 30376, 30380, 30371, 30375, 30379, 30370, 30374, 30378, 30369, 30373, 30377, 102137, 122133, 142132, 162135, 182131, 202134, 242129, 272132, 302104, 312105, 645485, 645257, 645259, 649004]",,,,,,(구)염원의 비석로 던전 큐브,0,0.0,0.0,FFFF,6,1.0
642921,Gacha_ID_230,쇠락한 르귄가문의 던전을 클리어하여 받은 보상입니다.,icon_item_cube2,,,"[490108, 645268, 644022, 649217, 649207, 644080, 649203, 643501, 643502, 643503, 643504, 10095, 11084, 14089, 15084, 16089, 17069, 18055, 13088, 19021, 21006, 12087, 20010, 37010, 31056, 102138, 122134, 142133, 162136, 182132, 202135, 222118, 242130, 252125, 272133, 302105, 312106, 321005, 532188, 532189, 522188, 522189, 512188, 512189, 502188, 502189, 602115, 102150, 122150, 142150, 162150, 182150, 202150, 242150, 252150, 272150, 312111, 504117, 30527, 30528, 30529, 30530, 30531, 30532, 30533, 30534, 30535, 30536, 30537, 30538, 649004, 645634, 645485, 645257, 645259]",,,,,,쇠락한 르귄가문의 던전 큐브,0,0.0,0.0,FFFF,6,1.0
642922,Gacha_ID_270,카타콤 지하 던전을 클리어하여 받은 보상입니다.,icon_item_cube2,,,"[490108, 645268, 644025, 490035, 645485, 645257, 645259, 649004, 645634, 649217, 649207, 649203, 643501, 643502, 643503, 643504]",,,,,,카타콤 지하 던전 큐브,0,0.0,0.0,FFFF,6,1.0
642923,Gacha_ID_300_Red,캐슬 던전을 클리어하여 받은 보상입니다.,icon_item_cube4,,,"[645268, 645268, 14090, 15085, 16090, 20011, 37011, 21007, 644033, 644102, 40035, 649015, 14091, 15086, 40036, 16091, 13090, 20012, 37012, 21008]",,,,,,캐슬 던전 큐브 : 레드,0,0.0,0.0,FFFF,6,1.0
642924,Gacha_ID_300_Blue,캐슬 던전을 클리어하여 받은 보상입니다.,icon_item_cube2,,,"[645268, 645268, 10096, 11085, 12088, 31057, 17070, 18060, 32014, 13089, 19022, 649015, 11086, 10097, 12089, 31058, 17071, 18061, 32015, 19023]",,,,,,캐슬 던전 큐브 : 블루,0,0.0,0.0,FFFF,6,1.0
642925,Gacha_ID_300,캐슬 던전을 클리어하여 받은 보상입니다.,icon_item_cube2,,,"[645268, 645268, 14090, 15085, 16090, 20011, 37011, 21007, 644141, 644145, 40035, 649015, 14091, 15086, 40036, 16091, 13090, 20012, 37012, 21008, 10096, 11085, 12088, 31057, 17070, 18060, 32014, 13089, 19022, 11086, 10097, 12089, 31058, 17071, 18061, 32015, 19023]",,,,,,(구)캐슬 지하 던전 큐브,0,0.0,0.0,FFFF,6,1.0
642926,Gacha_ID_330_LegCard,첫 번째 피난처 레이드 던전을 클리어하여 받은 보상입니다.,icon_item_cube_gold,,,"[642945, 104117, 124117, 144118, 274117, 164117, 184117, 204119, 244118, 254119, 314112, 304110, 334108, 114013, 210407, 224113, 324108, 534133, 534134, 534135, 524133, 524134, 524135, 514136, 514137, 514138, 504134, 504135, 504136, 9025, 644907, 694005]",,,,,,(구)첫 번째 피난처 레이드 던전 큐브,0,0.0,0.0,FFFF,6,1.0
642927,Gacha_ID_360_LegCard,환상 도서관: 사우시스 9관을 클리어하여 받은 보상입니다.,icon_item_cube_gold,,,"[649026, 649026, 649026, 649026, 649026, 649026, 649014, 513319, 504112, 584115, 584116, 584117, 604115, 604116, 604117, 644910]",,,,,,환상 도서관: 사우시스 9관 던전 큐브,0,0.0,0.0,FFFF,6,1.0
642928,Gacha_ID_330_Ranko,란코 호수 던전을 클리어하여 받은 보상입니다.,icon_item_cube2,,,"[645268, 645268, 649012, 649013, 649027, 649028, 645694, 649009, 644148]",,,,,,(구)란코 호수 던전 큐브,0,0.0,0.0,FFFF,6,1.0
642929,Gacha_ID_380_Asio,사용하면 무언가 알 수 없는 것을 획득할 수 있을 것 같습니다. 마우스 오른쪽 버튼 클릭으로 사용합니다.,icon_item_cube_gold_blow,,,"[642930, 649014, 104120, 124120, 144120, 274120, 164120, 184120, 204122, 244121, 254122, 314115, 304113, 334111, 114016, 210411, 224116, 324111, 9025, 644911, 694007]",,,,,,아시오 메이지의 실험실 레이드 큐브,0,0.0,0.0,FFFF,6,5.0
642930,Gacha_ID_380_Asio_Piece,20개를 모아서 사용하면 아시오 메이지 장비를 선택 할 수 있습니다. 마우스 오른쪽 버튼 클릭으로 사용합니다.,item_icon_asiomage_stone,,"[642929, 642930]",[642930],,,,,,영혼 조각: 아시오 메이지,0,0.0,0.0,FFFF,6,5.0
642931,Gacha_ID_380_Weistrel,사용하면 무언가 알 수 없는 것을 획득할 수 있을 것 같습니다. 마우스 오른쪽 버튼 클릭으로 사용합니다.,icon_item_cube_gold_blow,,,"[642932, 649014, 104119, 124119, 144121, 274119, 164119, 184119, 204121, 244120, 254121, 314114, 304112, 334110, 114015, 210410, 224115, 324110, 9025, 644912, 694006]",,,,,,마법 실험 구역 레이드 큐브,0,0.0,0.0,FFFF,6,5.0
642932,Gacha_ID_380_Weistrel_Piece,20개를 모아서 사용하면 웨이스트럴 장비를 선택 할 수 있습니다. 마우스 오른쪽 버튼 클릭으로 사용합니다.,item_icon_weistrel_stone,,"[642931, 642932]",[642932],,,,,,영혼 조각: 웨이스트럴,0,0.0,0.0,FFFF,6,5.0
642933,Gacha_I_017,사용하면 무언가 알 수 없는 것을 획득할 수 있을 것 같습니다. 마우스 오른쪽 버튼 클릭으로 사용합니다.,icon_item_cube_gold_blow,,,,,,,,,벨코퍼 큐브,0,0.0,0.0,FFFF,6,5.0
642934,Gacha_ID_380_ignas,사용하면 무언가 알 수 없는 것을 획득할 수 있을 것 같습니다. 마우스 오른쪽 버튼 클릭으로 사용합니다.,icon_item_cube_gold_blow,,,"[642935, 649014, 30563, 30564, 30565, 30566, 30567, 30568, 30569, 30570, 30571, 30572, 30573, 30574, 9025, 644913]",,,,,,이그나스 레이드 큐브,0,0.0,0.0,FFFF,6,5.0
642935,Gacha_ID_380_ignas_Piece,40개를 모아서 사용하면 이그나스 장비 레시피를 선택 할 수 있습니다. 마우스 오른쪽 버튼 클릭으로 사용합니다.,item_icon_ignas_stone,,"[642934, 642935]",[642935],,,,,,영혼 조각: 이그나스,0,0.0,0.0,FFFF,6,5.0
642936,Gacha_G_boruta,보루타 처치에 가장 많이 공헌한 길드에 지급되는 보상입니다. 사용하면 무언가 알 수 없는 것을 획득할 수 있을 것 같습니다. 마우스 오른쪽 버튼 클릭으로 사용합니다.,icon_item_cube_gold_first,,,,,,,,,빛나는 보루타 큐브,0,0.0,0.0,FFFF,6,5.0
642937,Gacha_T_boruta,보루타 처치에 가장 많이 공헌한 개인에게 지급되는 보상입니다.사용하면 무언가 알 수 없는 것을 획득할 수 있을 것 같습니다. 마우스 오른쪽 버튼 클릭으로 사용합니다.,icon_item_cube_gold_blow,,,,,,,,,보루타 큐브,0,0.0,0.0,FFFF,6,5.0
642938,Gacha_R_boruta,영예의 훈장 : 보루타로 교환 할 수 있는 주머니입니다. 마우스 오른쪽 버튼 클릭으로 사용합니다. {nl}사용 시 다음 아이템 중 1종을 확률적으로 획득합니다.{nl} {nl} - 여신의 축복석 3개{nl} - 여신의 축복석 5개{nl} - 마정석 1개{nl} - 마정석 2개{nl} - 제작서 - 드라코나스 파시우테스 네클리스 1개{nl} - 제작서 - 드라코나스 리느키 시트 네클리스 1개{nl} - 제작서 - 드라코나스 카이트 무어 네클리스 1개{nl} - 제작서 - 드라코나스 프리에노 네클리스 1개{nl} - 제작서 - 드라코나스 파시우테스 브레이슬릿 1개{nl} - 제작서 - 드라코나스 리느키 시트 브레이슬릿 1개{nl} - 제작서 - 드라코나스 카이트 무어 브레이슬릿 1개{nl} - 제작서 - 드라코나스 프리에노 브레이슬릿 1개{nl} - 보루타 인장 - 소드맨 1개{nl} - 보루타 인장 - 아처 1개{nl} - 보루타 인장 - 위저드 1개{nl} - 보루타 인장 - 클레릭 1개{nl} - 보루타 인장 - 스카우트 1개,gacha_h_010,,,,,,,,,보루타 주머니,0,0.0,0.0,FFFF,6,5.0
642939,Gacha_iredian_390,사용하면 무언가 알 수 없는 것을 획득할 수 있을 것 같습니다. 마우스 오른쪽 버튼 클릭으로 사용합니다.,icon_item_cube_gold_blow,,,"[645783, 647011, 34090, 34091, 34092, 34093, 613001, 613002, 613003, 613004, 613005]",,,,,,이레디안 큐브,0,0.0,0.0,FFFF,6,5.0
642940,Gacha_ID_grade1,성당 지하 던전을 클리어하여 받은 보상입니다.,icon_item_cube2,,,"[645268, 644046]",,,,,,성당 지하 던전 큐브,0,0.0,0.0,FFFF,6,1.0
642941,Gacha_ID_grade2,폐허 유적지 던전을 클리어하여 받은 보상입니다.,icon_item_cube2,,,"[645268, 644009]",,,,,,폐허 유적지 큐브,0,0.0,0.0,FFFF,6,1.0
642942,Gacha_ID_grade3,염원의 비석로 던전을 클리어하여 받은 보상입니다.,icon_item_cube2,,,"[645268, 644134]",,,,,,염원의 비석로 던전 큐브,0,0.0,0.0,FFFF,6,1.0
642943,Gacha_ID_grade4,캐슬 지하 던전을 클리어하여 받은 보상입니다.,icon_item_cube2,,,"[645268, 644145, 644141]",,,,,,캐슬 지하 던전 큐브,0,0.0,0.0,FFFF,6,1.0
642944,Gacha_ID_grade5,란코 호수 던전을 클리어하여 받은 보상입니다.,icon_item_cube2,,,"[645268, 644148]",,,,,,란코 호수 던전 큐브,0,0.0,0.0,FFFF,6,1.0
642945,Gacha_ID_315_Piece,10개를 모아서 사용하면 마시니오스 장비를 선택 할 수 있습니다. 마우스 오른쪽 버튼 클릭으로 사용합니다.,icon_item_kukery_soulstone,,"[642926, 642945]",[642945],,,,,,영혼 조각: 영험한 쿠게리 발저맨서,0,0.0,0.0,FFFF,6,5.0
642946,Gacha_ID_330_LegCard_NEW,첫 번째 피난처 레이드 던전을 클리어하여 받은 보상입니다.,icon_item_cube_gold,,,,,,,,,첫 번째 피난처 레이드 던전 큐브,0,0.0,0.0,FFFF,6,1.0
642947,Gacha_Unique_400_Piece,50개를 모아서 사용하면 스키아클립스 장비 레시피를 선택 할 수 있습니다. 마우스 오른쪽 버튼 클릭으로 사용합니다.,icon_item_skiaclipse_stone,,"[642948, 642947]",[642947],,,,,,영혼 조각: 스키아클립스,0,0.0,0.0,FFFF,6,5.0
642948,Gacha_Unique_400,흰 까마귀의 영면지 레이드를 클리어하여 받은 보상입니다.,icon_item_cube_gold,,,"[642947, 30801, 30802, 30804, 30803, 30601, 30602, 30604, 30603, 30701, 30702, 30704, 30703, 50032, 50033, 50037, 50038, 50036, 50035, 50044, 50047, 50040, 50041, 50039, 50042, 50046, 50034, 50043, 50045, 50048, 50049, 50050, 50051, 50052, 50053, 50062, 50063, 50065, 50064, 50054, 50055, 50057, 50056, 50058, 50059, 50061, 50060, 104122, 124122, 204124, 210413, 184122, 164122, 304117, 334114, 244123, 254124, 224118, 114018, 324114, 144123, 274122, 314119, 534147, 524147, 504149, 514147, 534145, 524145, 504147, 514145, 534146, 524146, 504148, 514146, 204125, 210414, 274123, 274124, 314120, 114019, 534150, 524150, 504152, 514150, 534148, 524148, 504150, 514148, 534149, 524149, 504151, 514149, 644150, 9025, 649014, 694008]",,,,,,(구)흰 까마귀의 영면지 큐브,0,0.0,0.0,FFFF,6,1.0
642949,Gacha_Legend_400,흰 까마귀의 영면지 레전드 레이드를 클리어하여 받은 보상입니다.,icon_item_cube_gold_blow,,,"[105104, 125104, 145104, 165104, 185104, 205104, 210506, 225104, 245104, 255104, 115104, 275104, 305104, 315104, 325106, 335104, 535110, 535111, 535112, 525110, 525111, 525112, 515110, 515111, 515112, 505110, 505111, 505112, 10017, 633216, 644923, 649030, 695003]",,,,,,흰 까마귀의 영면지 레전드 큐브,0,0.0,0.0,FFFF,6,1.0
642950,Gacha_Unique_2_400,흰 까마귀의 영면지 레이드를 클리어하여 받은 보상입니다.,icon_item_cube_gold,,,,,,,,,흰 까마귀의 영면지 큐브,0,0.0,0.0,FFFF,6,1.0
642951,Gacha_boruta2_Guild,사용하면 무언가 알 수 없는 것을 획득할 수 있을 것 같습니다. 마우스 오른쪽 버튼 클릭으로 사용합니다.,gacha_h_010,,,,,,,,,보루타 주머니: 길드,0,0.0,0.0,FFFF,6,5.0
642952,Gacha_boruta2_Guild_Seal,사용하면 무언가 알 수 없는 것을 획득할 수 있을 것 같습니다. 마우스 오른쪽 버튼 클릭으로 사용합니다.,icon_item_jewelrybox_close,,,,,,,,,보루타 인장 상자: 길드,0,0.0,0.0,FFFF,6,5.0
642953,Gacha_Legend_ID_Underground_waterway,외성벽 지하수로를 클리어하여 받은 보상입니다.,icon_item_cube_gold_blow,,,"[644925, 644152, 9033, 50066, 50067, 50071, 50072, 50070, 50069, 50078, 50081, 50074, 50075, 50073, 50076, 50080, 50068, 50077, 50079, 50082, 50085, 50091, 50088, 50083, 50086, 50092, 50089, 50084, 50087, 50093, 50090, 647011, 642954, 50101]",,,,,,외성벽 지하수로 레전드 큐브,0,0.0,0.0,FFFF,6,1.0
642954,Gacha_Legend_ID_Underground_waterway_piece,10개를 모아서 사용하면 머즈루스 장비 레시피를 선택 할 수 있습니다. 마우스 오른쪽 버튼 클릭으로 사용합니다.,icon_item_musruse_stone,,[642953],,,,,,,영혼 조각: 머즈루스,0,0.0,0.0,FFFT,6,5.0
642955,Gacha_ID_Frost_Piece,20개를 모아서 사용하면 악세사리를 선택 할 수 있습니다. 마우스 오른쪽 버튼 클릭으로 사용합니다.,item_icon_froster_load_stone,,[642955],[642955],,,,,,영혼 조각: 프로스터 로드,0,0.0,0.0,FFFF,6,5.0
642956,Gacha_MothRaid_piece,30개를 모아서 사용하면 악세사리 제작서를 선택 할 수 있습니다. 마우스 오른쪽 버튼 클릭으로 사용합니다.,icon_item_misc_tantaliser,,"[642957, 642956]",[642956],,,,,,영혼 조각: 모링포니아,0,0.0,0.0,FFFF,6,5.0
642957,Gacha_Unique_MothRaid,나비목 접선지 유니크 레이드를 클리어하여 받은 보상입니다.,icon_item_cube_gold,,,"[642956, 50094, 50095, 50096, 50097, 50098, 50099, 633253, 633254, 633264, 633265, 10028, 10029, 10031, 10032, 628355, 628356, 644153]",,,,,,모링포니아 유니크 레이드 큐브,0,0.0,0.0,FFFF,6,1.0
642958,Gacha_Legend_MothRaid,나비목 접선지 레전드 레이드를 클리어하여 받은 보상입니다.,icon_item_cube_gold_blow,,,"[699021, 637034, 637035, 637037, 637038, 585008, 585009, 585010, 585011, 585012, 644927, 605008, 605009, 605010, 605011, 605012]",,,,,,모링포니아 레전드 레이드 큐브,0,0.0,0.0,FFFF,6,1.0
642959,Gacha_Legend_MothRaid_Hard,나비목 접선지 레전드 레이드(하드)를 클리어하여 받은 보상입니다.,icon_item_cube_gold_blow,,,"[699037, 649033]",,,,,,모링포니아 레전드 레이드 큐브,0,0.0,0.0,FFFF,6,1.0
800001,Cube_FD_Weapon_75,75Lv 미감정 레어 무기 아이템 중 하나를 획득할 수 있는 상자입니다.,icon_item_cube3,,,,,,,,,미감정 무기 큐브 (Lv.75),0,0.0,0.0,FFFT,6,5.0
800002,Cube_FD_Armor_75,75Lv 미감정 레어 방어구 아이템 중 하나를 획득할 수 있는 상자입니다.,icon_item_cube3,,,,,,,,,미감정 방어구 큐브 (Lv.75),0,0.0,0.0,FFFT,6,5.0
800003,Cube_FD_Weapon_120,120Lv 미감정 레어 무기 아이템 중 하나를 획득할 수 있는 상자입니다.,icon_item_cube3,,,,,,,,,미감정 무기 큐브 (Lv. 120),0,0.0,0.0,FFFT,6,5.0
800004,Cube_FD_Armor_120,120Lv 미감정 레어 방어구 아이템 중 하나를 획득할 수 있는 상자입니다.,icon_item_cube3,,,,,,,,,미감정 방어구 큐브 (Lv. 120),0,0.0,0.0,FFFT,6,5.0
800005,Cube_FD_Weapon_170,170Lv 미감정 레어 무기 아이템 중 하나를 획득할 수 있는 상자입니다.,icon_item_cube3,,,,,,,,,미감정 무기 큐브 (Lv. 170),0,0.0,0.0,FFFT,6,5.0
800006,Cube_FD_Armor_170,170Lv 미감정 레어 방어구 아이템 중 하나를 획득할 수 있는 상자입니다.,icon_item_cube3,,,,,,,,,미감정 방어구 큐브 (Lv. 170),0,0.0,0.0,FFFT,6,5.0
800007,Cube_FD_Weapon_220,220Lv 미감정 레어 무기 아이템 중 하나를 획득할 수 있는 상자입니다.,icon_item_cube3,,,,,,,,,미감정 무기 큐브 (Lv. 220),0,0.0,0.0,FFFT,6,5.0
800008,Cube_FD_Armor_220,220Lv 미감정 레어 방어구 아이템 중 하나를 획득할 수 있는 상자입니다.,icon_item_cube3,,,,,,,,,미감정 방어구 큐브 (Lv. 220),0,0.0,0.0,FFFT,6,5.0
800009,Cube_FD_Weapon_270_Magic,270Lv 미감정 매직 무기 아이템 중 하나를 획득할 수 있는 상자입니다.,icon_item_cube2,,,,,,,,,미감정 무기 큐브 (Lv. 270),0,0.0,0.0,FFFT,6,5.0
800010,Cube_FD_Armor_270_Magic,270Lv 미감정 매직 방어구 아이템 중 하나를 획득할 수 있는 상자입니다.,icon_item_cube3,,,,,,,,,미감정 방어구 큐브 (Lv. 270),0,0.0,0.0,FFFT,6,5.0
800011,Cube_FD_Weapon_270_Rare,270Lv 미감정 레어 무기 아이템 중 하나를 획득할 수 있는 상자입니다.,icon_item_cube3,,,,,,,,,미감정 무기 큐브 (Lv. 270),0,0.0,0.0,FFFT,6,5.0
800012,Cube_FD_Armor_270_Rare,270Lv 미감정 레어 방어구 아이템 중 하나를 획득할 수 있는 상자입니다.,icon_item_cube3,,,,,,,,,미감정 방어구 큐브 (Lv. 270),0,0.0,0.0,FFFT,6,5.0
800013,Cube_FD_Weapon_315_Magic,315Lv 미감정 매직 무기 아이템 중 하나를 획득할 수 있는 상자입니다.,icon_item_cube2,,,,,,,,,미감정 무기 큐브 (Lv. 315),0,0.0,0.0,FFFT,6,5.0
800014,Cube_FD_Armor_315_Magic,315Lv 미감정 매직 방어구 아이템 중 하나를 획득할 수 있는 상자입니다.,icon_item_cube2,,,,,,,,,미감정 방어구 큐브 (Lv. 315),0,0.0,0.0,FFFT,6,5.0
800015,Cube_FD_Weapon_315_Rare,315Lv 미감정 레어 무기 아이템 중 하나를 획득할 수 있는 상자입니다.,icon_item_cube3,,,,,,,,,미감정 무기 큐브 (Lv. 315),0,0.0,0.0,FFFT,6,5.0
800016,Cube_FD_Armor_315_Rare,315Lv 미감정 레어 방어구 아이템 중 하나를 획득할 수 있는 상자입니다.,icon_item_cube3,,,,,,,,,미감정 방어구 큐브 (Lv. 315),0,0.0,0.0,FFFT,6,5.0
801000,Cube_Challenge_01,사용하면 무언가 알 수 없는 것을 획득할 수 있을 것 같습니다. 마우스 오른쪽 버튼 클릭으로 사용합니다.,icon_item_challenge_cube_01,,,,,,,,,Lv300 챌린지 보상 큐브,0,0.0,0.0,FFFT,6,1.0
801001,Cube_Challenge_02,사용하면 무언가 알 수 없는 것을 획득할 수 있을 것 같습니다. 마우스 오른쪽 버튼 클릭으로 사용합니다.,icon_item_challenge_cube_01,,,,,,,,,Lv200 챌린지 보상 큐브,0,0.0,0.0,FFFT,6,1.0
801002,Cube_Challenge_01_Add,사용하면 무언가 알 수 없는 것을 획득할 수 있을 것 같습니다. 마우스 오른쪽 버튼 클릭으로 사용합니다.,icon_item_challenge_cube_02,,,,,,,,,빛나는 Lv300 챌린지 보상 큐브,0,0.0,0.0,FFFT,6,1.0
801003,Cube_Challenge_03,사용하면 무언가 알 수 없는 것을 획득할 수 있을 것 같습니다. 마우스 오른쪽 버튼 클릭으로 사용합니다.,icon_item_challenge_cube_01,,,,,,,,,Lv100 챌린지 보상 큐브,0,0.0,0.0,FFFT,6,1.0
900133,Event_160929_1,사용하면 무언가 알 수 없는 것을 획득할 수 있을 것 같습니다. 마우스 오른쪽 버튼 클릭으로 사용합니다.,icon_item_eventcube1,,,,,,,,,블랙 큐브,0,2.0,86400.0,FFFF,6,1.0
900134,Event_160929_2,사용하면 무언가 알 수 없는 것을 획득할 수 있을 것 같습니다. 마우스 오른쪽 버튼 클릭으로 사용합니다.,icon_item_eventcube2,,,,,,,,,실버 큐브,0,2.0,86400.0,FFFF,6,1.0
900135,Event_160929_3,사용하면 무언가 알 수 없는 것을 획득할 수 있을 것 같습니다. 마우스 오른쪽 버튼 클릭으로 사용합니다.,icon_item_eventcube3,,,,,,,,,골드 큐브,0,2.0,86400.0,FFFF,6,1.0
900147,Event_170117_1,"사용하면 무언가 알 수 없는 것을 획득할 수 있을 것 같습니다. 마우스 오른쪽 버튼 클릭으로 사용합니다.{nl}4월 27일 점검 시, 일괄 삭제됩니다.",icon_item_eventcube1,,,,,,,,,프리즌 큐브,0,0.0,0.0,FFFF,6,5.0
900148,Event_SakuraCube_170405,사용하면 무언가 알 수 없는 것을 획득할 수 있을 것 같습니다. 마우스 오른쪽 버튼 클릭으로 사용합니다.,icon_item_sakuracube,,,,,,,,,벚꽃 큐브,0,0.0,0.0,FFFF,6,0.0
900149,Event_170404_1,사용하면 무언가 알 수 없는 것을 획득할 수 있을 것 같습니다. 마우스 오른쪽 버튼 클릭으로 사용합니다.,icon_item_eventcube2,,,,,,,,,오늘의 큐브 LV1,0,0.0,0.0,FFFF,6,0.0
900150,Event_170404_2,사용하면 무언가 알 수 없는 것을 획득할 수 있을 것 같습니다. 마우스 오른쪽 버튼 클릭으로 사용합니다.,icon_item_eventcube2,,,,,,,,,오늘의 큐브 LV2,0,0.0,0.0,FFFF,6,0.0
900151,Event_170404_3,사용하면 무언가 알 수 없는 것을 획득할 수 있을 것 같습니다. 마우스 오른쪽 버튼 클릭으로 사용합니다.,icon_item_eventcube2,,,,,,,,,오늘의 큐브 LV3,0,0.0,0.0,FFFF,6,0.0
900152,Event_170404_4,사용하면 무언가 알 수 없는 것을 획득할 수 있을 것 같습니다. 마우스 오른쪽 버튼 클릭으로 사용합니다.,icon_item_eventcube2,,,,,,,,,오늘의 큐브 LV4,0,0.0,0.0,FFFF,6,0.0
900153,Event_170404_5,사용하면 무언가 알 수 없는 것을 획득할 수 있을 것 같습니다. 마우스 오른쪽 버튼 클릭으로 사용합니다.,icon_item_eventcube2,,,,,,,,,오늘의 큐브 LV5,0,0.0,0.0,FFFF,6,0.0
900154,Event_170404_6,사용하면 무언가 알 수 없는 것을 획득할 수 있을 것 같습니다. 마우스 오른쪽 버튼 클릭으로 사용합니다.,icon_item_eventcube2,,,,,,,,,오늘의 큐브 LV6,0,0.0,0.0,FFFF,6,0.0
900219,Event_Valen_Choco_cube_1,짝사랑 소녀에게 사랑의 초콜릿을 건네주고 받은 큐브 입니다. 마우스 오른쪽 버튼 클릭으로 사용합니다.,icon_item_quest_00017,,,,,,,,,감사의 큐브,0,0.0,0.0,FFFF,6,0.0
900220,Event_Valen_Choco_cube_2,짝사랑 소녀에게 사랑의 초콜릿을 건네주고 받은 큐브 입니다. 마우스 오른쪽 버튼 클릭으로 사용합니다.,icon_item_eventcube3,,,,,,,,,1단계 초콜릿 큐브,0,0.0,0.0,FFFF,6,0.0
900221,Event_Valen_Choco_cube_3,짝사랑 소녀에게 사랑의 초콜릿을 건네주고 받은 큐브 입니다. 마우스 오른쪽 버튼 클릭으로 사용합니다.,icon_item_eventcube3,,,,,,,,,2단계 초콜릿 큐브,0,0.0,0.0,FFFF,6,0.0
900222,Event_Valen_Choco_cube_4,짝사랑 소녀에게 사랑의 초콜릿을 건네주고 받은 큐브 입니다. 마우스 오른쪽 버튼 클릭으로 사용합니다.,icon_item_eventcube3,,,,,,,,,3단계 초콜릿 큐브,0,0.0,0.0,FFFF,6,0.0
900223,Event_Valen_Choco_cube_5,짝사랑 소녀에게 사랑의 초콜릿을 건네주고 받은 큐브 입니다. 마우스 오른쪽 버튼 클릭으로 사용합니다.,icon_item_eventcube3,,,,,,,,,4단계 초콜릿 큐브,0,0.0,0.0,FFFF,6,0.0
900224,Event_Valen_Choco_cube_6,짝사랑 소녀에게 사랑의 초콜릿을 건네주고 받은 큐브 입니다. 마우스 오른쪽 버튼 클릭으로 사용합니다.,icon_item_eventcube3,,,,,,,,,5단계 초콜릿 큐브,0,0.0,0.0,FFFF,6,0.0
900225,Event_Valen_Choco_cube_7,짝사랑 소녀에게 사랑의 초콜릿을 건네주고 받은 큐브 입니다. 마우스 오른쪽 버튼 클릭으로 사용합니다.,icon_item_eventcube3,,,,,,,,,6단계 초콜릿 큐브,0,0.0,0.0,FFFF,6,0.0
900226,Event_Valen_Choco_cube_8,짝사랑 소녀에게 사랑의 초콜릿을 건네주고 받은 큐브 입니다. 마우스 오른쪽 버튼 클릭으로 사용합니다.,icon_item_eventcube3,,,,,,,,,7단계 초콜릿 큐브,0,0.0,0.0,FFFF,6,0.0
900227,Event_Valen_Choco_cube_9,짝사랑 소녀에게 사랑의 초콜릿을 건네주고 받은 큐브 입니다. 마우스 오른쪽 버튼 클릭으로 사용합니다.,icon_item_eventcube3,,,,,,,,,8단계 초콜릿 큐브,0,0.0,0.0,FFFF,6,0.0
900228,Event_Valen_Choco_cube_10,짝사랑 소녀에게 사랑의 초콜릿을 건네주고 받은 큐브 입니다. 마우스 오른쪽 버튼 클릭으로 사용합니다.,icon_item_eventcube3,,,,,,,,,9단계 초콜릿 큐브,0,0.0,0.0,FFFF,6,0.0
900229,Event_Valen_Choco_cube_11,짝사랑 소녀에게 사랑의 초콜릿을 건네주고 받은 큐브 입니다. 마우스 오른쪽 버튼 클릭으로 사용합니다.,icon_item_eventcube3,,,,,,,,,10단계 초콜릿 큐브,0,0.0,0.0,FFFF,6,0.0
900236,Event_WhiteDay_Cube_1,화이트데이 이벤트 아이템 입니다.{nl}왠지 좋은 예감이 듭니다.{nl}(4월6일 일괄 삭제됩니다.),event_whiteday_cube_1,,,,,,,,,비밀 선물 상자,0,0.0,0.0,FFFF,6,0.0
900237,Event_Cupon_Giftbox,쿠폰 사용 시 지급되는 선물 상자입니다.,icon_item_giftbox_4,,,,,,,,,선물 상자,0,0.0,0.0,FFFF,6,0.0
900239,Event_ManWooCube_1,만우절 이벤트 아이템입니다.{nl}굉장히 무겁습니다.,icon_item_eventbox_qm,,,,,,,,,만우절 장비 큐브,0,3600.0,604800.0,FFFF,6,1.0
900270,Event_1704_CashBox,여신의 축복이 깃든 선물 입니다. 15레벨 이상에서 사용 가능합니다. 마우스 오른쪽 버튼 클릭으로 사용합니다.,icon_item_giftbox_1,,,,,,,,,여신의 축복이 깃든 선물,0,0.0,3600.0,FFFF,6,0.0
902015,Event_BlueCube_Lv6,"사용시 보상 아이템 중 한가지 아이템이 랜덤으로 지급됩니다.{nl}2월 21일 점검 시, 일괄 삭제됩니다.",icon_item_eventbox_blue,,,,,,,,,푸른색 큐브,0,0.0,0.0,FFFT,6,0.0
902061,EVENT_1801_ORB_ARMORBOX,"사용 시 350레벨 프리머스 방어구 아이템 중 한가지 아이템이 랜덤으로 지급됩니다.{nl}2월 15일 점검 시, 일괄 삭제됩니다.",icon_item_event_armorbox1,,,,,,,,,보배의 방어구 큐브,0,0.0,0.0,FFFT,6,0.0
902062,EVENT_1801_ORB_WEAPONBOX,"사용 시 350레벨 프리머스 무기/보조무기 아이템 중 한가지 아이템이 랜덤으로 지급됩니다.{nl}2월 15일 점검 시, 일괄 삭제됩니다.",icon_item_event_weaponbox1,,,,,,,,,보배의 무기 큐브,0,0.0,0.0,FFFT,6,0.0
902163,Steam_Event_Popo_Weapon_3d_Box,주인의 레벨에 따라 400 레벨까지 성장하는 포포샵 무기가 들어있는 상자입니다. 마우스 오른쪽 버튼 클릭으로 사용합니다.,icon_item_solmiki_box,,,,,,,,,포포샵 무기 선택 상자 (3일),0,0.0,259200.0,FFFF,6,0.0
902164,Steam_Event_Popo_Weapon_7d_Box,주인의 레벨에 따라 400 레벨까지 성장하는 포포샵 무기가 들어있는 상자입니다. 마우스 오른쪽 버튼 클릭으로 사용합니다.,icon_item_solmiki_box,,,,,,,,,포포샵 무기 선택 상자 (7일),0,0.0,604800.0,FFFF,6,0.0
904002,EVENT_1802_MASTER_REWARD_CUBE,"마스터의 훈련 보상으로 받은 아이템입니다.{nl}사용 시 보상목록 중 랜덤으로 아이템이 획득됩니다.{nl}4월 5일 점검 시, 일괄 삭제됩니다.",icon_item_eventcube1,,,,,,,,,무한한 가능성의 큐브,0,0.0,0.0,FFFT,6,0.0
904014,EVENT_1804_ARBOR_GROW_CRYSTAL_CUBE_1_2,"자라나라 나무나무 이벤트 아이템입니다.{nl}사용 시 보상목록 중 랜덤으로 아이템이 획득됩니다.{nl}5월 17일 점검 시, 일괄 삭제됩니다.",icon_item_eventcube1,,,,,,,,,묘목 큐브,0,0.0,0.0,FFFT,6,0.0
904015,EVENT_1804_ARBOR_GROW_CRYSTAL_CUBE_3_4,"자라나라 나무나무 이벤트 아이템입니다.{nl}사용 시 보상목록 중 랜덤으로 아이템이 획득됩니다.{nl}5월 17일 점검 시, 일괄 삭제됩니다.",icon_item_eventcube2,,,,,,,,,성목 큐브,0,0.0,0.0,FFFT,6,0.0
904016,EVENT_1804_ARBOR_GROW_CRYSTAL_CUBE_5_6,"자라나라 나무나무 이벤트 아이템입니다.{nl}사용 시 보상목록 중 랜덤으로 아이템이 획득됩니다.{nl}5월 17일 점검 시, 일괄 삭제됩니다.",icon_item_eventcube3,,,,,,,,,풍성한 성목 큐브,0,0.0,0.0,FFFT,6,0.0
904028,MISSION_SURVIVAL_EVENT2_CUBE,"괴도 트팡 이벤트 아이템입니다.{nl}사용 시 보상목록 중 랜덤으로 아이템이 획득됩니다.{nl}5월 31일 점검 시, 일괄 삭제됩니다.",icon_item_eventcube2,,,,,,,,,훔친 보물 큐브,0,0.0,0.0,FFFT,6,0.0
904041,EVENT_1805_SLATE_CUBE,"석판 속의 알쏭달쏭 비밀 메시지 이벤트 아이템입니다.{nl}사용 시 보상목록 중 랜덤으로 아이템이 획득됩니다.{nl}7월 12일 점검 시, 일괄 삭제됩니다.",icon_item_eventcube2,,,,,,,,,레나의 감사 큐브,0,0.0,0.0,FFFT,6,0.0
904049,EVENT_1806_STORY_1_CUBE,"별의 탑을 향하여 이벤트 아이템입니다.{nl}사용 시 보상목록 중 랜덤으로 아이템이 획득됩니다.{nl}7월 19일 점검 시, 일괄 삭제됩니다.",icon_item_eventcube3,,,,,,,,,별의 탑 영웅 큐브,0,0.0,0.0,FFFT,6,0.0
904057,EVENT_1807_BALL_CUBE,"[Summer Festa] 이벤트 아이템입니다.{nl}사용 시 보상목록 중 랜덤으로 아이템이 획득됩니다.{nl}8월 23일 점검 시, 일괄 삭제됩니다.",icon_item_summer_box,,,,,,,,,여름밤의 선물상자,0,0.0,0.0,FFFT,6,0.0
904083,EVENT_1807_HOTTIME_BOX,"[For 10] 10만 넥슨캐시와 최대 10만 특성포인트 획득 찬스!{nl}50레벨 이상일 때 사용할 수 있습니다.{nl}8월 16일 점검 시, 일괄 삭제됩니다.",icon_item_eventbox_qm,,,,,,,,,[For 10]핫타임 행운상자 (1시간),0,0.0,3600.0,FFFF,6,0.0
904095,EVENT_1810_UNIQUE_CUBE,"로타의 특별 지원 이벤트 아이템입니다.{nl}사용 시 보상목록 중 랜덤으로 아이템이 획득됩니다.{nl}1월 10일 점검 시, 일괄 삭제됩니다.",icon_item_eventcube1,,,,,,,,,로타의 특별 지원 상자,0,0.0,0.0,FFFT,6,0.0
904111,KUPOLE_SERVER_TEST_REINFORCE,큐폴 서버 테스트 지원 스크롤입니다. 인벤토리 11강 이하의 장비를 11강으로 변경해줍니다.,icon_item_reinforce11,,,,,,,,,[큐폴 전용] 테스트 지원 스크롤: 강화,0,0.0,0.0,FFFT,6,0.0
904127,EVENT_1812_HOTTIME_BOX,"넥슨 캐시 당첨권과 5초월 스크롤이 함께하는 찬스!{nl}30레벨 이상일 때 사용할 수 있습니다.{nl}1월 24일 점검 시, 일괄 삭제됩니다.",icon_item_eventbox_qm,,,,,,,,,[3주년]핫타임 행운상자 (1시간),0,0.0,3600.0,FFFT,6,0.0
904129,EVENT_BORUTA_CLEAR_REWARDBOX,"세계의 특별한 업적을 기념하기 위해, 여신이 지급하는 특별한 선물상자입니다.{nl}슬리비나스 레어의 드래곤 보루타를 처음으로 제압한 날을 기념합니다.{nl}사용 시, 아이템을 획득할 수 있습니다.",icon_item_cube3_blow,,,,,,,,,여신의 선물 상자[보루타],0,0.0,0.0,FFFT,6,1.0
904138,EVENT_1902_NEWYEAR_FORTUNEPOUCH,"기해년을 맞이하여 보내드리는 통큰 선물!{nl}복주머니를 열어 선물을 확인하세요.{nl}2월 21일 점검 시, 일괄 삭제됩니다.",icon_item_fortunepouch,,,,,,,,,[이벤트]기해년 복주머니,0,0.0,0.0,FFFT,6,0.0
904228,EVENT_QOS_SHIRTS_S1,마우스 우클릭으로 사용 할 수 있습니다. 사용시 퀴즈왕 코스튬 시즌1(여) / 퀴즈왕 코스튬 시즌1(남) 중 1개를 획득 할 수 있습니다.,icon_item_happybox_black,,,,,,,,,퀴즈왕 코스튬 시즌1 선택상자,0,0.0,0.0,FFFF,6,5.0
904245,EVENT_2020_NEWYEAR_FORTUNEPOUCH,"경자년 새해 복주머니 입니다.{nl}사용 시 각 아이템별 확률에 따라 이벤트 보상을 획득할 수 있습니다.{nl}획득 가능 아이템{nl}-여신의 큐브(14일){nl}-[이벤트]오래된 황금 소켓{nl}-스킬 초기화 포션(14일){nl}-특성 초기화 포션(14일){nl}-은빛 아이커 추출키트(14일){nl}-7성 젬 연마제(14일){nl}-프리미엄 각성석(14일){nl}-챌린지 모드 1회 입장권(14일){nl}-특성 포인트 500(14일){nl}-[이벤트]신비한 돋보기(14일){nl}-[이벤트]2020 대축제 교환권{nl}2월 20일 점검 시, 일괄 삭제됩니다",icon_item_fortunepouch,,,,,,,,,[이벤트]경자년 새해 복주머니,0,0.0,0.0,FFFT,6,0.1
904246,EVENT_2020_GOLDEN_FORTUNEPOUCH,"경자년 새해 황금 복주머니 입니다.{nl}사용 시 각 아이템별 확률에 따라 이벤트 보상을 획득할 수 있습니다.{nl}획득 가능 아이템{nl}-버틀러와 메이드 코스튬 상자(블랙){nl}-[이벤트]황금 아이커 추출 키트{nl}-[이벤트]황금 모루(14일){nl}-[이벤트]장인의 돋보기(14일){nl}-특성 포인트 1000(14일){nl}2월 20일 점검 시, 일괄 삭제됩니다",icon_item_event_2020_golden_fortunepouch,,,,,,,,,[이벤트]경자년 새해 황금 복주머니,0,0.0,0.0,FFFT,6,0.1
